:020000040800F2
:10000000C81A002095050008810200088302000834
:100010008F0200089B020008A702000800000000F1
:10002000000000000000000000000000B302000813
:10003000B502000800000000AB050008B702000888
:10004000AF050008AF050008AF050008B9020008B9
:10005000AF050008AF050008B12B0008AF05000888
:10006000AF050008AF050008AF050008AF050008A0
:10007000AF050008AF050008AF050008AF05000890
:10008000AF050008AF050008AF050008AF05000880
:10009000AF050008AF050008AF050008792B000880
:1000A000AF050008AF050008AF050008AF05000860
:1000B000AF050008AF050008AF050008AF05000850
:1000C000AF050008AF050008AF050008AF05000840
:1000D000AF0500084B2A0008DD630008AF050008E3
:1000E000AF050008AF050008AF050008AF05000820
:1000F000AF050008AF050008AF050008AF05000810
:10010000AF050008AF050008AF050008AF050008FF
:10011000AF050008AF050008AF050008AF050008EF
:10012000AF050008AF050008AF050008AF050008DF
:1001300000F002F800F094F80AA090E8000C824465
:100140008344AAF10107DA4501D100F089F8AFF242
:10015000090EBAE80F0013F0010F18BFFB1A43F0A5
:1001600001031847E8DD000008DE0000103A24BF54
:1001700078C878C1FAD8520724BF30C830C144BF0C
:1001800004680C607047000000230024002500264E
:10019000103A28BF78C1FBD8520728BF30C148BFEA
:1001A0000B6070476E2909F03782702909F0A58528
:1001B00066290BF04A8365290BF0478367290BF00A
:1001C00044836129AFF3008003681B0A28BF41F014
:1001D0008001692908F0E286642908F0DF86752924
:1001E00008F0DC866F2909F03385782909F07185DC
:1001F000E92909F0CD84E42909F0CA84F52909F038
:10020000C784EF2909F03085F82909F07085036863
:10021000DB0928BF41F08001632909F04E8473296E
:1002200009F05384E32909F06586F32909F06A8609
:10023000002070471FB59DE8030009F025F909F07B
:10024000ABFD0400002000210AF002FC401C6060AD
:10025000002000210AF0E6FBE0601FBD10B510BDD4
:1002600009F03AFF1146FFF7E5FF04F097FA09F0AD
:1002700066FF03B4FFF7F2FF03BC09F0D7FF0000ED
:1002800070470EA11C4802F0BCFB00BFFEE71BA19B
:10029000194802F0B6FB00BFFEE727A1164802F09E
:1002A000B0FB00BFFEE733A1134802F0AAFB00BF7A
:1002B000FEE7704770477047704700000D0A2A2A12
:1002C0002A2A2A2A2A2A2A2A2A2A2A2A2A2A2A2A8E
:1002D0002A486172644661756C745F48616E646C33
:1002E00065722A2A2A2A2A2A2A2A2A2A2A2A2A2AEB
:1002F0002A2A2A2A2A0D0A00003801400D0A2A2A31
:100300002A2A2A2A2A2A2A2A2A2A2A2A2A2A2A2A4D
:100310002A4D656D4D616E6167655F48616E646C05
:1003200065722A2A2A2A2A2A2A2A2A2A2A2A2A2AAA
:100330002A2A2A2A2A0D0A000D0A2A2A2A2A2A2AC1
:100340002A2A2A2A2A2A2A2A2A2A2A2A2A42757361
:100350004661756C745F48616E646C65722A2A2A06
:100360002A2A2A2A2A2A2A2A2A2A2A2A2A2A2A2AED
:100370000D0A00000D0A2A2A2A2A2A2A2A2A2A2AAB
:100380002A2A2A2A2A2A2A2A2A5573616765466157
:10039000756C745F48616E646C65722A2A2A2A2A19
:1003A0002A2A2A2A2A2A2A2A2A2A2A2A2A2A0D0AEA
:1003B000000000000CB50020019000906C4800681F
:1003C00040F480306A49086000BF6948006800F462
:1003D000003000900198401C0190009818B90198D5
:1003E000B0F5A06FF1D16248006800F4003010B1A0
:1003F0000120009001E0002000900098012843D1E6
:100400005C48006840F010005A49086008460068DF
:1004100020F0030008600846006840F00200086011
:10042000534840685249486008464068486008465A
:10043000406840F4806048600846406820F47C10C2
:1004400048600846406840F4E81048600846006884
:1004500040F08070086000BF4548006800F0007000
:100460000028F9D04248406820F003004049486025
:100470000846406840F00200486000BF3C484068C1
:1004800000F00C000828F9D10CBD10B5FFF792FF61
:1004900010BD10B53648006840F0010034490860CE
:1004A00008464068344908403149486008460068B9
:1004B000324908402E4908600846006820F4802030
:1004C00008600846406820F4FE0048604FF41F00B2
:1004D0008860FFF7DAFF4FF000602949086010BD1F
:1004E00010B5002100200022214B5B6803F00C01B5
:1004F00021B1042906D0082928D107E0214B224C3C
:10050000236027E01F4B204C236023E0184B5B68DF
:1005100003F47010164B5B6803F48032022303EB84
:10052000904022B9194B4343174C23600DE0104B08
:100530005B6803F4003323B1144B4343124C236034
:1005400003E0104B4343104C236003E00D4B0E4C73
:10055000236000BF00BF064B5B68C3F303130C4C62
:10056000E15C094B1B68CB40074C236010BD0000C9
:1005700000100240002002400000FFF8FFFFF6FEDE
:1005800008ED00E000127A000000002000093D00A4
:10059000040000200948804709480047FEE7FEE7BD
:1005A000FEE7FEE7FEE7FEE7FEE7FEE7FEE7FEE723
:1005B00004480549054A064B7047000093040008AB
:1005C00031010008C8020020C81A0020C80E00200F
:1005D000C80E002031490143314A1160704770B59F
:1005E000002100230F22C47804B32D4C246804F4A6
:1005F000E064C4F5E064210AC1F10403CA40447810
:1006000004FA03F18478144021430901254C06784B
:10061000A155047804F01F050124AC4005786D1144
:10062000AD0005F1E025C5F8004109E0047804F0CB
:100630001F050124AC401C4D0678761145F8264074
:1006400070BD1A4A0A400243154B1B1F1A607047BF
:1006500039B1134A121D12680243114B1B1D1A6057
:1006600006E00F4A121D126882430D4B1B1D1A60D3
:100670007047042808D14FF0E021096941F00401D6
:100680004FF0E022116107E04FF0E021096921F00D
:1006900004014FF0E0221161704700000000FA05EC
:1006A0000CED00E000E400E080E100E080FFFF1FCF
:1006B00010B50446CC48844208D10121042000F042
:1006C0002DFB0021042000F029FB46E0C7488442AE
:1006D00008D10121082000F021FB0021082000F0B2
:1006E0001DFB3AE0C248844208D10121102000F0ED
:1006F00015FB0021102000F011FB2EE0BD488442C4
:1007000008D10121202000F009FB0021202000F069
:1007100005FB22E0B848844208D10121402000F0C6
:10072000FDFA0021402000F0F9FA16E0B3488442B7
:1007300008D10121802000F0F1FA0021802000F092
:10074000EDFA0AE0AE48844207D10121801500F09D
:10075000E5FA0021A01500F0E1FA10BD10B5012165
:10076000084600F0DBFA0021012000F0D7FA10BDA6
:100770002DE9F04102460025002600200023002438
:10078000002791F803C00CF00F0591F803C00CF09E
:10079000100CBCF1000F03D091F802C04CEA050523
:1007A00091F800C0BCF1000F31D0146800202BE09C
:1007B0004FF0010C0CFA00F3B1F800C00CEA03068C
:1007C0009E4220D183004FF00F0C0CFA03F7BC437C
:1007D00005FA03FC4CEA040491F803C0BCF1280FAD
:1007E00006D14FF0010C0CFA00FCC2F814C00AE06C
:1007F00091F803C0BCF1480F05D14FF0010C0CFA81
:1008000000FCC2F810C0401C0828D1D31460B1F815
:1008100000C0BCF1FF0F34DD546800202EE000F171
:10082000080C4FF0010808FA0CF3B1F800C00CEA0C
:1008300003069E4221D183004FF00F0C0CFA03F700
:10084000BC4305FA03FC4CEA040491F803C0BCF174
:10085000280F05D100F1080C08FA0CF8C2F8148032
:1008600091F803C0BCF1480F07D100F1080C4FF01C
:10087000010808FA0CF8C2F81080401C0828CED3F2
:100880005460BDE8F0814FF6FF7101800221817054
:100890000421C17070470246002093680B400BB1E1
:1008A000012000E0002070470146886880B2704750
:1008B00002460020D3680B400BB1012000E000206D
:1008C00070470146C86880B2704701617047416156
:1008D00070470AB1016100E041617047C160704733
:1008E0004FF480320A438261816182618269826948
:1008F000704702460020434B18684FF6807318403B
:1009000040EA021008433F4B186070473E49C861F7
:100910007047F0B50A46002300240021002500F0AE
:100920000046B6F1004F02D1364EF16901E0354E76
:100930007168C0F3034583B200F44016B6F5401F5A
:1009400008D121F070612F4E766826F070662D4F29
:100950007E6012E000F48016B6F5801F06D10326F3
:1009600006FA05F4A14341F0706106E0460D360138
:1009700003FA06F6B14341F0706122B1460D36012B
:1009800003FA06F6314300F00046B6F1004F02D1FB
:100990001C4EF16101E01B4E7160F0BD30B50022CC
:1009A0008B071C0F0F2303FA04F2164B08338C102D
:1009B00053F824309343134C08348D1044F82530F9
:1009C00023468C1053F824308C07240F00FA04F4CB
:1009D00023430C4C08348D1044F8253030BD0A49AF
:1009E000DC3108607047000000080140000C014045
:1009F000001001400014014000180140001C01409B
:100A0000002001400000014000002042DF48006853
:100A100040F00100DD49086008464068DC490840B4
:100A2000DA49486008460068DA490840D749086052
:100A30000846006820F4802008600846406820F4DA
:100A4000FE0048604FF41F0088607047CF49096876
:100A500021F48031CD4A11601146096821F48021CA
:100A60001160B0F5803F03D0B0F5802F0ED106E0C5
:100A7000C649096841F48031C44A116007E0C3499E
:100A8000096841F4A021C14A116000E000BF00BF25
:100A9000704710B501460022002300204A11012AA8
:100AA00002D1BA4C236806E0022A02D1B74C236A6D
:100AB00001E0B64C636A01F01F02012494401C401F
:100AC0000CB1012000E0002010BD38B500200090DE
:100AD0000024002500BF3120FFF7DBFF054600980A
:100AE000401C00900098B0F5A06F01D0002DF2D00E
:100AF0003120FFF7CEFF08B1012400E0002420469A
:100B000038BD01460020A14A106820F0F80040EAF4
:100B1000C10010607047A04908607047024600207D
:100B20009A4B586820F47C1042EA01031843974B13
:100B30005860704798490866704701460020934AFC
:100B4000506820F003000843506070478F484068A9
:100B500000F00C007047014600208C4A506820F0DD
:100B6000F00008435060704701460020874A5068F3
:100B700020F4E06008435060704701460020834A3B
:100B8000506820F4605040EAC1005060704729B1BD
:100B90007E4A527A02437D4B5A7204E07B4A527A73
:100BA00082437A4B5A7270477B49D831086070474C
:100BB00001460020754A506820F4404008435060C8
:100BC00070470021714A20321170704A82F820105B
:100BD000012802D004280AD104E001216B4A203206
:100BE000117005E00521694A2032117000E000BF54
:100BF00000BF70476949086070476449096A01434A
:100C0000624A11627047654944390860704730B5DF
:100C100000210022002400235C4D6D6805F00C01CA
:100C200021B1042905D0082923D105E05C4D0560D8
:100C300022E05B4D05601FE0544D6D6805F47012B5
:100C4000524D6D6805F48034022505EB92421CB9C3
:100C5000544D554305600BE04C4D6D6805F400356F
:100C60001DB1504D5543056002E04D4D55430560A3
:100C700002E04B4D056000BF00BF444D6D6805F0BC
:100C8000F0010909484D6B5C0568DD4045603F4D4A
:100C90006D6805F4E061090A434D6B5C4568DD4011
:100CA00085603A4D6D6805F46051C90A3E4D6B5C34
:100CB0004568DD40C560354D6D6805F44041890BE0
:100CC0003A4D6B5CC568B5FBF3F5056130BD29B1E4
:100CD0002E4A526902432D4B5A6104E02B4A526955
:100CE00082432A4B5A61704729B1284A92690243CC
:100CF000264B9A6104E0254A92698243234B9A610C
:100D0000704729B1214AD2690243204BDA6104E0DD
:100D10001E4AD26982431D4BDA61704729B11B4AD2
:100D2000D2680243194BDA6004E0184AD268824361
:100D3000164BDA60704729B1144A12690243134B0B
:100D40001A6104E0114A12698243104B1A6170471C
:100D500012494039086070470F49C86470470B4911
:100D6000C87170470948406A40F08070074948627E
:100D7000704701460020054A92680A400AB10120E6
:100D800000E000207047014988727047001002405F
:100D90000000FFF8FFFFF6FE0000424280044242DE
:100DA00000127A0000093D001400002024000020F9
:100DB00010B50446FB48844209D101218803FFF79E
:100DC000ADFF00214FF48040FFF7A8FF32E0F64866
:100DD000844209D101214804FFF7ADFF00214FF4FF
:100DE0000030FFF7A8FF25E0F048844209D1012137
:100DF0008804FFF7A0FF00214FF48020FFF79BFF3E
:100E000018E0EB48844209D10121C804FFF793FFA1
:100E100000214FF40020FFF78EFF0BE0E5488442ED
:100E200008D101210805FFF786FF00214FF480104B
:100E3000FFF781FF10BD2DE9F04786B005460E464D
:100E40000024A24600BFA1460027B08900B100BF20
:100E50002F462C8A4CF6FF700440F08804432C8205
:100E6000AC894EF6F3100440B0883189084371898B
:100E700008430443AC81AC8A4FF6FF400440B0897C
:100E80000443AC8201A8FFF7C2FEC648874202D1E4
:100E9000DDF810A001E0DDF80CA0A88900F4004006
:100EA00040B10AEBCA0000EB0A1031684900B0FB00
:100EB000F1F807E00AEBCA0000EB0A10316889007C
:100EC000B0FBF1F86420B8FBF0F0040120096421C4
:100ED00001FB1089A88900F4004040B1322000EBEA
:100EE000C900B0FBF1F000F00700044308E0322035
:100EF00000EB09106421B0FBF1F000F00F00044397
:100F00002C8106B0BDE8F0874FF416510160002136
:100F10008180C18001810C21418100218181704744
:100F200010B502460020108A4FF2FF0318400B88CC
:100F30004C8823438C882343CC8823431843108256
:100F400010BD0021018041808180C180704721B1A6
:100F5000828942F40052828104E082894DF6FF7357
:100F60001A4082817047F0B5034600240026002510
:100F7000002040F66A17B94200D100BF1846C1F3FD
:100F8000421401F01F06012707FA06F5012C01D1D2
:100F90000C3004E0022C01D1103000E014301AB102
:100FA00007682F43076002E00768AF430760F0BDA2
:100FB0001AB1838A0B43838202E0838A8B43838244
:100FC0007047028A4FF6F0731A400282028A0A437F
:100FD0000282704782894FF2FF731A4082818289B0
:100FE0000A438281704721B1828942F002028281E4
:100FF00004E082894FF6FD731A4082817047028AAD
:101000004FF6DF731A400282028A0A430282704757
:1010100021B1028A42F48042028204E0028A4BF645
:10102000FF731A4002827047C1F308028280704742
:1010300001468888C0F308007047818941F00101AA
:1010400081817047028BD2B20283028B42EA012275
:1010500002837047028B02F47F420283028B0A43B1
:101060000283704721B1828A42F02002828204E02A
:10107000828A4FF6DF731A408282704721B1828ADA
:1010800042F01002828204E0828A4FF6EF731A4027
:101090008282704721B1828A42F00802828204E093
:1010A000828A4FF6F7731A408282704721B1828993
:1010B00042F40042828103E08289C2F30E028281FF
:1010C000704721B1828A42F40062828204E0828AFF
:1010D0004FF2FF731A4082827047828A4FF6FB7389
:1010E0001A408282828A0A438282704721B1828AB0
:1010F00042F00202828204E0828A4FF6FD731A40B7
:101100008282704702460020B1F5007F00D100BF07
:1011100013880B400BB1012000E00020704701F460
:101120000072B2F5007F00D100BFCA430280704751
:1011300070B50246002400230025002040F66A1600
:10114000B14200D100BFC1F3421501F01F030126D7
:1011500006FA03F3012D02D19689334006E0022DF1
:1011600002D1168A334001E0968A33400C120126E0
:1011700006FA04F41688344013B10CB1012000E0E3
:10118000002070BD10B50022002340F66A14A14271
:1011900000D100BF0A1201249440A3B2DC430480B2
:1011A00010BD0000003801400044004000480040ED
:1011B000004C004000500040002044490860091DD8
:1011C0000860091D0860091D086041483F49143145
:1011D0000860704700213D498279002A3AD00A46CA
:1011E000126803689A430B461A600A1D1268036866
:1011F0009A430B1D1A60027911440A6803681A4366
:101200000A60324A0832126803689A432F4B083347
:101210001A601A1D126803689A432C4B0C331A602B
:101220004279102A0ED11A1F126803681A43274BFD
:1012300008331A601A1D126803681A43234B0C33D3
:101240001A600DE02149427911440A6803681A4383
:101250000A6005E0027911440A6803689A430A604B
:1012600070470021016001710C21417100218171E1
:1012700070471649103109680143144A1032116051
:10128000704701460020114A143212680A400AB120
:10129000012000E0002070470C49143108607047BD
:1012A000014600200022094B1B6803EA0102074B9C
:1012B00014331B680B4013B10AB1012000E0002079
:1012C0007047024914310860704700000004014073
:1012D000FFFF0F0010B50446FA48844208D10121EF
:1012E0004015FFF71BFD00216015FFF717FD17E004
:1012F000F548844208D101210015FFF70FFD0021B8
:101300002015FFF70BFD0BE0F048844208D10121C6
:10131000C803FFF703FD00214FF40040FFF7FEFC78
:1013200010BD30B50246002000235068E84C204034
:101330000D790C6844EA0524204350609068E54C20
:101340002040D1E902542C434D7944EA450420431E
:101350009060D06A20F470000C7C641EE4B22343D9
:1013600040EA0350D06230BD00210160017141713B
:101370008160C16001210174704721B1826842F02F
:101380000102826003E0826822F0010282607047FD
:1013900021B1826842F48072826003E0826822F4A4
:1013A00080728260704710B50023CBB21AB14468D6
:1013B0001C43446002E044689C43446010BD816863
:1013C00041F0080181607047014600208A6802F000
:1013D00008020AB1012000E000207047816841F056
:1013E000040181607047014600208A6802F004020F
:1013F0000AB1012000E00020704721B1826842F468
:10140000A002826003E0826822F4A002826070473A
:10141000014600208A6802F480020AB1012000E03F
:101420000020704710B50A4600210023416821F4CE
:101430006041531E41EA4331416010BD21B1426811
:1014400042F40062426003E0426822F400624260BB
:101450007047F0B504460D4600200021092D11DD2E
:10146000E068A5F10A0606EB4607072606FA07F12B
:101470008843A5F10A0606EB460603FA06F108437F
:10148000E0600CE0206905EB4507072606FA07F146
:10149000884305EB450603FA06F108432061072A55
:1014A0000FDA606B561E06EB86071F2606FA07F159
:1014B0008843561E06EB860605FA06F1084360636C
:1014C00022E00D2A0FDA206BD61F06EB86071F26B7
:1014D00006FA07F18843D61F06EB860605FA06F1E1
:1014E0000843206310E0E06AA2F10D0606EB8607D0
:1014F0001F2606FA07F18843A2F10D0606EB8606C1
:1015000005FA06F10843E062F0BD21B1826842F4B9
:101510008012826003E0826822F480128260704749
:101520000146C86C80B2704766484C30006870470E
:1015300021B1426842F48062426003E0426822F4D2
:1015400080624260704721B1426842F4805242603A
:1015500003E0426822F48052426070470A4600214C
:10156000816821F4E04111438160704721B18268B4
:1015700042F40042826003E0826822F4004282600A
:10158000704721B1826842F40212826003E08268EF
:1015900022F4021282607047014600208A6802F439
:1015A00000120AB1012000E000207047F0B50446A7
:1015B0001546002000220026092911DDE068A1F16E
:1015C0000A0707EB470C072707FA0CF29043A1F133
:1015D0000A0707EB470703FA07F21043E0600CE045
:1015E000206901EB410C072707FA0CF2904301EB4D
:1015F000410703FA07F210432061A06BC0F30156C4
:10160000EF1C06F1010CA7EB0C0707EB870C1F275B
:1016100007FA0CF29043EF1C06F1010CA7EB0C0744
:1016200007EB870701FA07F21043A063F0BD10B57E
:101630000A4600210023816B21F44011531E41EA28
:101640000351816310BD08B5002300930090009BF7
:101650000B440093009B1A6008BD08B502460020A9
:101660000090009201F12800009B1844009000981F
:10167000006880B208BD0A4600214168164B194037
:101680001143416070474162826270470A460021FF
:10169000416821F01F0111434160704740B1094981
:1016A0000831096841F40001064A0832116007E078
:1016B00004490831096821F40001024A0832116026
:1016C000704700000024014000280140003C014018
:1016D000FFFEF0FFFDF7F1FFFFFD3FFF0246002098
:1016E00013680B400BB1012000E000207047CA4393
:1016F0000260704770B502460020002300240B12E0
:101700005568CEB205EA060415681D4015B10CB146
:10171000012000E0002070BD00220A12D3430360C4
:101720007047000001684FF6FE7211400160002111
:10173000016041608160C1608D49884208D18C4957
:101740000839496841F00F01894A083A51608AE036
:1017500087491431884208D185490839496841F0E0
:10176000F001834A083A51607DE08149283188427E
:1017700008D17F490839496841F470617C4A083AC8
:10178000516070E07A493C31884208D17849083983
:10179000496841F47041764A083A516063E07449FF
:1017A0005031884208D172490839496841F47021A2
:1017B0006F4A083A516056E06D496431884208D159
:1017C0006B490839496841F47001694A083A516027
:1017D00049E067497831884208D165490839496844
:1017E00041F07061624A083A51603CE061498842C8
:1017F00006D1011F096841F00F01021F116032E09C
:101800005C491431884208D15A49091F096841F0DE
:10181000F001584A121F116025E0564928318842CC
:1018200008D15449091F096841F47061514A121FD7
:10183000116018E04F493C31884208D14D49091FD9
:10184000096841F470414B4A121F11600BE049498D
:101850005031884207D14749091F096841F4702176
:10186000444A121F1160704710B50022026847F603
:10187000F0739A430C6A8B6823430C6923434C69C9
:1018800023438C692343CC6923434C6A23438C6AEA
:1018900023431A430260CB6843600B6883604B6844
:1018A000C36010BD0021016041608160C1600161C1
:1018B00041618161C161016241628162704721B110
:1018C000026842F00102026004E002684FF6FE7313
:1018D0001A40026070471AB103680B43036002E0CC
:1018E00003688B4303607047416070470146486856
:1018F00080B2704701460020002201F080531BB1E6
:101900001C4B083B1A6802E0194B083B1A6802EAB4
:1019100001030BB1012000E00020704700F080516E
:1019200019B11449091F086002E0114908394860DB
:10193000704701460020002201F080531BB10D4B7F
:10194000083B1A6802E00A4B083B1A6802EA0103E6
:101950000BB1012000E00020704700F0805119B168
:101960000449091F086002E00149083948607047CE
:10197000080002400804024010B50446FE488442B4
:1019800008D10121C014FFF7C9F90021E014FFF7C5
:10199000C5F9C4E0B4F1804F08D101210846FFF732
:1019A000CAF900210120FFF7C6F9B8E0F3488442E4
:1019B00008D101210220FFF7BEF900210220FFF724
:1019C000BAF9ACE0EE48844208D101210420FFF7C7
:1019D000B2F900210420FFF7AEF9A0E0E948844203
:1019E00008D101210820FFF7A6F900210820FFF700
:1019F000A2F994E0E448844208D101211020FFF7C5
:101A00009AF900211020FFF796F988E0DF48844218
:101A100008D101212020FFF78EF900212020FFF7B7
:101A20008AF97CE0DA48844208D101214014FFF7AA
:101A300075F900216014FFF771F970E0D548844210
:101A400009D10121C804FFF769F900214FF40020F2
:101A5000FFF764F963E0D048844209D10121080509
:101A6000FFF75CF900214FF48010FFF757F956E0BB
:101A7000CA48844209D101214805FFF74FF90021E6
:101A80004FF40010FFF74AF949E0C548844208D1F5
:101A900001214020FFF74FF900214020FFF74BF9CB
:101AA0003DE0C048844208D101218020FFF743F97E
:101AB00000218020FFF73FF931E0BB48844208D184
:101AC00001218015FFF737F90021A015FFF733F941
:101AD00025E0B648844209D101210804FFF71EF928
:101AE00000214FF48030FFF719F918E0B048844224
:101AF00009D101214804FFF711F900214FF400300A
:101B0000FFF70CF90BE0AB48844208D101218804AF
:101B1000FFF704F900214FF48020FFF7FFF810BD14
:101B200000220288944B98420ED0994B98420BD0D9
:101B3000B0F1804F08D0914B984205D0904B98421D
:101B400002D0904B984204D14FF68F731A404B88C5
:101B50001A438D4B984207D08C4B984204D04FF6D5
:101B6000FF431A40CB881A4302808B8883850B88F9
:101B70000385814B98420BD0854B984208D08B4B04
:101B8000984205D08A4B984202D08A4B984201D1A4
:101B90000B7A038601238382704770B500240022EC
:101BA0000023058C4FF6FE7635400584028C838831
:101BB000048B4FF68F752C40B51E2C400D882C439E
:101BC000751E2A400D892A434D882A436A4DA84232
:101BD0000BD06F4DA84208D0744DA84205D0744D6B
:101BE000A84202D0734DA84213D14FF6F7752A4090
:101BF0004D892A434FF6FB752A408D882A434FF6BC
:101C0000FF652B404FF6FF552B408D892B43CD8927
:101C10002B4383800483CD888586028470BD70B594
:101C2000002400220023058C4FF6EF763540058412
:101C3000028C8388048B48F6FF752C404FF6FF45D5
:101C40002C400D884FF6FF7606EA05252C434FF60B
:101C5000DF752A400D8906EA05152A434D8806EAF4
:101C600005152A43444DA84202D0494DA8421DD132
:101C70004FF67F752A404D894FF6FF7606EA051527
:101C80002A434FF6BF752A408D8806EA05152A4378
:101C90004FF6FF352B404FF2FF752B408D8906EA3A
:101CA00085052B43CD8906EA85052B438380048374
:101CB000CD880587028470BD70B500240022002302
:101CC000058C4FF6FF6635400584028C8388848B33
:101CD0004FF68F752C404FF6FC752C400D882C4329
:101CE0004FF6FF552A400D894FF6FF7606EA052587
:101CF0002A434D8806EA05252A431F4DA84202D0F3
:101D0000234DA8421DD14FF2FF752A404D894FF651
:101D1000FF7606EA05252A434FF6FF352A408D88CF
:101D200006EA05252A434EF6FF752B404DF6FF7552
:101D30002B408D8906EA05152B43CD8906EA05154A
:101D40002B4383808483CD888587028470BD70B5E2
:101D5000002200230024058C4EF6FF7635400584D2
:101D6000038C8488828B48F6FF752A404FF6FF4526
:101D70002A400D8820E00000002C014000040040B3
:101D800000080040000C004000100040001400401B
:101D900000340140004C014000500140005401401B
:101DA00000180040001C004000200040004001409E
:101DB00000440140004801404FF6FF7606EA052541
:101DC0002A434DF6FF752B400D8906EA05352B4356
:101DD0004D8806EA05352B43FA4DA84202D0FA4D4C
:101DE000A84208D14BF6FF752C408D894FF6FF763F
:101DF00006EA85152C4384808283CD88A0F8405064
:101E0000038470BD828B4FF2FF331A408283828B32
:101E10004FF6FF7303EA01231A4382837047F0B53C
:101E20000C461546002200210026078C4EF6FF7C4A
:101E300007EA0C070784828B018C4FF6FF7707EACD
:101E4000043640F6FF473A404FF6FF7707EA05278A
:101E50003A434FF6FF7707EA03373A43D94FB84280
:101E60000ED0D94FB8420BD0B0F1804F08D0D74F29
:101E7000B84205D0D64FB84202D0D64FB84206D1AC
:101E80004DF6FF77394046F48057394305E047F671
:101E9000FF57394044F48057394382830184F0BDB1
:101EA000828B4FF6F3731A408283828B0A438283BC
:101EB0007047F0B50C461546002200210026078C1D
:101EC0004FF6FF6C07EA0C070784828B018C4FF6F4
:101ED000FF7707EA04264FF60C773A404FF6FF7774
:101EE00007EA03172F433A43B64FB8420ED0B64F16
:101EF000B8420BD0B0F1804F08D0B44FB84205D0F3
:101F0000B34FB84202D0B34FB84206D14FF6FF5795
:101F1000394046F48077394305E04FF2FF573940A6
:101F200044F48077394382830184F0BD028B4FF201
:101F3000FF331A400283028B4FF6FF7303EA01233B
:101F40001A4302837047F0B50C4615460022002163
:101F50000026078C4FF6EF7C07EA0C070784028BFC
:101F6000018C4FF6FF7707EA041640F6FF473A4028
:101F70004FF6FF7707EA03373A434FF6FF7707EA52
:101F800005273A438F4FB8420ED08F4FB8420BD03F
:101F9000B0F1804F08D08D4FB84205D08C4FB84279
:101FA00002D08C4FB84206D14FF6DF77394046F069
:101FB0001007394305E04FF65F77394044F01007CA
:101FC000394302830184F0BD028B4FF6F3731A404C
:101FD0000283028B0A4302837047F0B50C46154614
:101FE00000220021068C4FF6FE773E400684028BCD
:101FF000018C4FF60C7632407E1C06EA03162E4307
:102000003243704EB0420ED06F4EB0420BD0B0F1A2
:10201000804F08D06D4EB04205D06D4EB04202D018
:102020006C4EB04206D14FF6FD76314044F00106C9
:10203000314305E04FF6F576314044F00106314377
:1020400002830184F0BD70B505460C465D488542AB
:102050000ED05D4885420BD0B5F1804F08D05B486B
:10206000854205D05A48854202D05A48854200D15F
:1020700000E000BF208850B92389A28861882846E3
:10208000FFF7ABFFE1882846FFF79EFF25E0208899
:1020900004280AD12389A28861882846FFF753FFC4
:1020A000E1882846FFF742FF17E0208808280AD178
:1020B0002389A28861882846FFF7FBFEE18828462D
:1020C000FFF7EEFE09E02389A28861882846FFF722
:1020D000A6FEE1882846FFF795FE70BD2DE9F04188
:1020E00005460C4600260127608808B9022600E054
:1020F0000026A088012801D1022700E001272088BE
:10210000A0B92389A28861882846FFF766FFE18885
:102110002846FFF759FF23893A4631462846FFF7FC
:1021200012FFE1882846FFF701FF13E02389A28808
:1021300061882846FFF707FFE1882846FFF7F6FE8B
:1021400023893A4631462846FFF747FFE18828466B
:10215000FFF73AFFBDE8F0810A884B881A438B8865
:102160001A43CB881A430B891A434B891A438B892C
:102170001A43A0F8442070474FF6FF718180002178
:102180000180C1804180017270470021018041803F
:102190008180C180018141818181C181704700219D
:1021A00001804180012181800021C180018170472F
:1021B0000021018041808180C18001814181818134
:1021C00070470000002C0140003401400004004032
:1021D00000080040000C004021B1028842F00102DA
:1021E000028004E002884FF6FE731A4002807047B6
:1021F00031B1B0F8442042F40042A0F8442005E098
:10220000B0F84420C2F30E02A0F8442070471AB17F
:1022100083890B43838102E083898B4383817047E9
:102220008182704741EA0203A0F8483070471AB132
:1022300083890B43838102E083898B4383817047C9
:1022400001894FF6F8721140018170470A4600215A
:1022500001894FF68F73194011430181704730B5E2
:1022600004460D4629462046FFF7F0FF208940F03E
:102270000700208130BD2DE9F04104460D46164689
:102280001F46602D06D13B46012231462046FFF70E
:102290005AFE05E03B46012231462046FFF79DFEEF
:1022A00029462046FFF7D2FF208940F00700208111
:1022B000BDE8F08130B50C4600210189C9B24FF666
:1022C000FF7505EA0325154325432943018130BDE8
:1022D0002DE9F04105460E46174698460024434630
:1022E0003A4631462846FFF7E5FF2C894FF6F8704D
:1022F000044044F007044FF68F70044044F070042B
:102300002C81BDE8F081F0B504460D4616461F4607
:102310003B46324629462046FFF7CCFF208940F451
:1023200080402081F0BD0185828270470A460021ED
:1023300001884FF68F731940114301807047F0B543
:102340000C4615461E460021002200230189028BFF
:10235000038C4FF6F877394021434FF6FC473A405B
:1023600040F201173A434FF6DD773B404FF6FF77D7
:1023700007EA06172F433B43018102830384F0BD24
:102380000A460021018B4FF68F73194011430183D8
:1023900070470A460021018B48F6FF7319404FF63B
:1023A000FF7303EA02231943018370470A460021A1
:1023B000818B4FF68F7319401143818370470A4612
:1023C0000021818B48F6FF7319404FF6FF7303EA33
:1023D000022319438183704721B1028842F08002B1
:1023E000028004E002884FF67F731A400280704733
:1023F00021B1828842F00402828004E082884FF694
:10240000FB731A408280704721B1828842F0080233
:10241000828004E082884FF6F7731A40828070470A
:1024200021B1828842F00102828004E082884FF666
:10243000FE731A40828070470A460021018B4FF6D6
:10244000F77319401143018370470A460021018B3D
:102450004FF2FF7319404FF6FF7303EA022319434B
:10246000018370470A460021818B4FF6F7731940AC
:102470001143818370470A460021818B4FF2FF731D
:1024800019404FF6FF7303EA022319438183704713
:102490000A460021018B4FF6FB731940114301835B
:1024A00070470A460021018B4FF6FF3319404FF663
:1024B000FF7303EA02231943018370470A46002190
:1024C000818B4FF6FB7319401143818370470A4695
:1024D0000021818B4FF6FF3319404FF6FF7303EA5B
:1024E00002231943818370470A460021018B4FF66E
:1024F0007F7319401143018370470A460021018B05
:10250000C1F30E014FF6FF7303EA0223194301835F
:1025100070470A460021818B4FF67F7319401143A3
:10252000818370470A460021818BC1F30E014FF66B
:10253000FF7303EA02231943818370470A4600218F
:10254000018C4FF6FD7319401143018470470A4610
:102550000021018C4FF6F773194011430184704735
:102560000A460021018C4FF6DF7319404FF6FF73C6
:1025700003EA02131943018470470A460021018CC3
:102580004FF67F7319404FF6FF7303EA02131943A6
:10259000018470470A460021018C4FF6FF53194011
:1025A0004FF6FF7303EA02231943018470470A467A
:1025B0000021018C4FF2FF7319404FF6FF7303EABD
:1025C00002231943018470470A460021018C4DF60D
:1025D000FF7319404FF6FF7303EA02331943018476
:1025E000704730B5002301248C40A3B2048C9C4377
:1025F0000484048C02FA01F5ADB22C43048430BD8E
:1026000030B5002304248C40A3B2048C9C43048482
:10261000048C02FA01F5ADB22C43048430BD70B5D0
:102620000346002000241846183001258D40ACB226
:102630001D8CA5431D8409B1082909D100EB610057
:10264000056825F0700505600568154305600EE016
:102650000D1FC5F34E052844056825F4E0450560C7
:1026600005684FF6FF7606EA02263543056070BD21
:1026700021B1028842F00202028004E002884FF693
:10268000FD731A400280704721B1028842F00402B3
:10269000028004E002884FF6FB731A400280704704
:1026A00021B1828842F08002828004E082884FF665
:1026B0007F731A408280704702884FF6F7731A4082
:1026C000028002880A430280704782884FF68F7327
:1026D0001A40828082880A438280704702894FF6BE
:1026E000F8731A40028102890A4302817047028905
:1026F0004FF67F731A40028102890A4302817047B4
:102700008184704781857047818670470187704753
:1027100081877047A0F84010704702884FF6FF434A
:102720001A40028002880A43028070470146888E60
:1027300070470146088F70470146888F70470146F1
:10274000B1F8400070470146888C70470146088DFB
:10275000704702460020138A0B400BB1012000E0B5
:1027600000207047CA430282704730B502460020FD
:1027700000230024158A05EA0103958905EA01046E
:1027800013B10CB1012000E0002030BDCA43028229
:10279000704700004FF0E020006920F004004FF087
:1027A000E02108610920364908700846007800EBEE
:1027B0004001C1EBC0104FF6FF7101EAC000314982
:1027C00008807047002120F07F402D4A1278424354
:1027D0004FF0E0235A6100229A6101221A6100BF82
:1027E0004FF0E022116901F001021AB101F48032C8
:1027F000002AF5D000224FF0E0231A619A61704759
:10280000002100B9704720F07F401E4A12884243E1
:102810004FF0E0235A6100229A6101221A6100BF41
:102820004FF0E022116901F001021AB101F4803287
:10283000002AF5D000224FF0E0231A619A6100BF10
:10284000E0E770B50446002600254FF4FA7094FBCB
:10285000F0F0C6B24FF4FA7094FBF0F100FB1140B7
:1028600085B205E04FF4FA70FFF7CAFF701EC6B2DA
:10287000002EF7D115B12846FFF7C2FF70BD00004A
:10288000280000202A00002010B586B0044601214F
:102890000420FEF729FA01218803FEF725FA182003
:1028A0008DF817004FF40070ADF8140003208DF878
:1028B000160005A96B48FDF75BFF04208DF8170093
:1028C0000002ADF8140003208DF8160005A9654834
:1028D000FDF74EFF01940020ADF810000C20ADF87C
:1028E0000E000020ADF80C00ADF80A00ADF80800AD
:1028F00001A95D48FEF79FFA01215B48FEF727FB1F
:10290000012240F225515848FEF72DFB25208DF875
:10291000000001208DF8030000208DF80100022046
:102920008DF802006846FDF75AFE06B010BD10B5DE
:1029300086B0044601210420FEF7D6F9012148049F
:10294000FEF7DFF918208DF817000420ADF8140009
:1029500003208DF8160005A94248FDF709FF042061
:102960008DF817000820ADF8140003208DF816002C
:1029700005A93C48FDF7FCFE01940020ADF81000CD
:102980000C20ADF80E000020ADF80C00ADF80A00E8
:10299000ADF8080001A93548FEF74DFA012133488A
:1029A000FEF7D5FA012240F225513048FEF7DBFA56
:1029B00026208DF8000001208DF8030000208DF8FE
:1029C00001008DF802006846FDF709FE06B010BD53
:1029D0002DE9F04107460C46154600260DE014F897
:1029E000011B3846FEF720FB00BF40213846FEF7AA
:1029F00089FB0028F9D0701C86B2AE42EFDBBDE83F
:102A0000F0810FB430B5CBB0054601AC50A80090B2
:102A10004FF4947101A8009B4F9A06F049FA0020E8
:102A200000900BE014F8011B2846FEF7FDFA00BFEA
:102A300040212846FEF766FB0028F9D020780028C0
:102A4000F0D14BB030BC5DF814FB10B540F225510D
:102A50000548FEF76DFB18B120210348FEF75FFB28
:102A600010BD000000080140003801400044004053
:102A700008B501210C20FEF737F910208DF803006E
:102A80000001ADF8000003208DF8020069460D48F2
:102A9000FDF76EFE01200C4908600820ADF800002B
:102AA00069460A48FDF764FE00200949C1F88C0117
:102AB00008BD0020044908607047012002490860F1
:102AC0007047000000080140A0012142000C0140B5
:102AD000008021421FB501211120FEF705F9482091
:102AE0008DF80F004FF44070ADF80C0003A93A4880
:102AF000FDF73EFE28208DF80F000120ADF80C00F8
:102B000003A93648FDF734FE09210220FDF746FFF0
:102B100008210220FDF742FF00210846FDF73EFF95
:102B200017208DF8080001208DF80B0002208DF889
:102B300009008DF80A0002A8FDF751FD06208DF866
:102B4000080002A8FDF74BFD4FF4407000900120F3
:102B50008DF8060000208DF804000C208DF805008B
:102B60006846FEF737FB0120009008208DF805002D
:102B70006846FEF72FFB1FBD10B54FF40070FEF73F
:102B80008FFB012806D11648006880474FF400707B
:102B9000FEF797FB4FF48070FEF782FB012806D109
:102BA0001048006880474FF48070FEF78AFB10BD24
:102BB00010B50120FEF774FB28B10B480068804770
:102BC0000120FEF77EFB10BD054B1860054B196018
:102BD000054B1A60704700000010014000080140DA
:102BE0002C000020300000203400002008B5012116
:102BF0001020FEF779F810208DF803008001ADF861
:102C0000000003208DF8020069467648FDF7B0FD0C
:102C100008BD08B510208DF803008001ADF8000054
:102C200003208DF8020069466E48FDF7A1FD08BD3E
:102C300008B548208DF803004FF48060ADF800001F
:102C400069466848FDF794FD08BD10B5FFF7E1FF40
:102C50004FF480616348FDF738FE0520FFF7B2FDB1
:102C60004FF480615F48FDF732FE4FF4F070FFF7DC
:102C7000A9FD4FF480615B48FDF727FE3C20FFF77C
:102C8000A1FDFFF7D5FF4FF480615648FDF703FE25
:102C900004464FF4F070FFF795FDFFF7BAFF4FF4CD
:102CA00080615048FDF711FE204610BD70B5044606
:102CB000002500BF22E0FFF7ACFF4FF480614948D8
:102CC000FDF705FE0220FFF77DFD04F0010028B1AD
:102CD0004FF480614348FDF7F8FD04E04FF4806154
:102CE0004048FDF7F4FD3C20FFF76CFD4FF4806198
:102CF0003C48FDF7EAFD6410681CC5B2082DDADB1C
:102D000070BD70B50024002500BF21E06410FFF7FE
:102D100080FF4FF480613348FDF7D9FD0220FFF7B3
:102D200051FD4FF480612F48FDF7CFFD0220FFF7E2
:102D300049FDFFF77DFF4FF480612A48FDF7ABFDA9
:102D400008B144F080043C20FFF73CFD681CC5B28C
:102D5000082DDBDB204670BD2DE9F84F4FF0000B4E
:102D6000002021490870FFF770FFCC20FFF79EFF7D
:102D70004420FFF79BFF40F2EE20FFF762FDFFF7D4
:102D800064FFCC20FFF792FFBE20FFF78FFFFFF715
:102D9000B8FF8246FFF7B5FF81464C464FF6FF70FD
:102DA00000EA042444EA0A0404F47840B0F5784FB9
:102DB00005D1E043401C84B201200B490870204635
:102DC00008F0FEFB009008F0ADFA07460022074B22
:102DD00008F0B4F8054607F051FE83465846BDE8B2
:102DE000F88F000000100140380000200000B03FC4
:102DF0002DE9F04706460F4614461D46DDF820A093
:102E0000681E83B2601E82B23946304600F08BFCE9
:102E1000B8460EE0B14606E0504600F06DFC09F100
:102E200001001FFA80F9A145F6DB08F101001FFA45
:102E300080F8A845EEDBBDE8F08770B504460D4686
:102E400016462B4622462946204600F06CFC3046AA
:102E500000F052FC70BD2DE9FF4F85B081468A46D7
:102E60000020039083460798A0EB09040898A0EB84
:102E70000A06CDF80890CDF804A0002C01DD01274A
:102E800005E00CB9002702E04FF0FF376442002E46
:102E900002DD4FF0010806E016B94FF0000802E02D
:102EA0004FF0FF386642B44201DD254600E035466A
:102EB000002004901EE0019A91B2029A90B2129AF8
:102EC000FFF7BBFF039820440390B3440398A84244
:102ED00005DD0398401B0390029838440290AB45EF
:102EE00004DDABEB050B0198404401900498401CB5
:102EF00080B20490691C04988842DCDB09B0BDE80C
:102F0000F08F2DE9F84305460E4617469846089C73
:102F100033463A46314628460094FFF79CFF434625
:102F20002A46314628460094FFF795FF43463A4625
:102F3000414628460094FFF78EFF43463A46314605
:102F400038460094FFF787FFBDE8F8832DE9F04786
:102F500006460F46904699460025444641E07A1BB6
:102F600091B2321B90B24A46FFF767FF7A1B91B2CB
:102F7000321990B24A46FFF760FF3A1991B2721BBC
:102F800090B24A46FFF759FF3A1B91B2721B90B2BA
:102F90004A46FFF752FF7A1991B2321990B24A4667
:102FA000FFF74BFF3A1B91B2721990B24A46FFF7F6
:102FB00044FF3A1991B2721990B24A46FFF73DFFA9
:102FC0007A1991B2321B90B24A46FFF736FF6D1C58
:102FD00005FB05F004FB040108FB08F0814200DD5D
:102FE000641EA542BBDDBDE8F0872DE9FE4F064615
:102FF000894692469B460D9C00962046E11704EBBD
:103000005171C910614389B20191052002900025D8
:1030100065E005EB8510F94911F810009AF80010E9
:10302000884259D105EB8510F44901EB4000407806
:103030009AF8011088424FD109EB0400401E83B278
:103040003019401E82B24946304600F06CFB002722
:103050003FE04FF0000836E00E9898B905EB851078
:10306000E64901EB4000801CC05D012101FA08F136
:10307000084018B1584600F03FFB20E00C9800F0E3
:103080003BFB1CE005EB8510DC4901EB4000801C9C
:10309000C05D012101FA08F1084020B15A464946B5
:1030A0003046FFF7CAFE701C86B20098301AA04264
:1030B00005D1009E09F101001FFA80F906E008F130
:1030C000010000F0FF08B8F1080FC5DB00BF781C55
:1030D000C7B201988742BCDB00BF681C85B202986A
:1030E000854296DBBDE8FE8F2DE9FE4F06468946F8
:1030F00092469B460D9C00962046E11704EB5171C9
:10310000C910614389B201910520029000256DE04C
:1031100005EB850000EB4510B94911F810009AF84D
:10312000001088425FD105EB850000EB4510B449E3
:1031300001EB400040789AF80110884253D109EB26
:103140000400401E83B23019401E82B24946304608
:1031500000F0E9FA002743E04FF000083AE00E984B
:10316000A8B905EB850000EB4510A54901EB40002F
:10317000801CC05D012101FA08F1084018B15846D1
:1031800000F0BAFA22E00C9800F0B6FA1EE005EB67
:10319000850000EB45109A4901EB4000801CC05DA2
:1031A000012101FA08F1084020B15A46494630464B
:1031B000FFF743FE701C86B20098301AA04205D17A
:1031C000009E09F101001FFA80F906E008F10100F4
:1031D00000F0FF08B8F1080FC1DB00BF781CC7B2D0
:1031E00001988742B8DB00BF681C85B2029885420F
:1031F0008EDBBDE8FE8F2DE9FE4F064689469246DE
:103200009B460D9C00962046E11704EB5171C910B6
:10321000614389B201911A200290002565E005EB17
:103220000510784911F810009AF80010884259D119
:1032300005EB0510734901EB400040789AF8011046
:1032400088424FD109EB0400401E83B23019401E62
:1032500082B24946304600F066FA00273FE04FF060
:10326000000836E00E9898B905EB0510654901EBAA
:103270004000801CC05D012101FA08F1084018B12E
:10328000584600F039FA20E00C9800F035FA1CE0BE
:1032900005EB05105B4901EB4000801CC05D01217E
:1032A00001FA08F1084020B15A4649463046FFF776
:1032B000C4FD701C86B20098301AA04205D1009E51
:1032C00009F101001FFA80F906E008F1010000F0A1
:1032D000FF08B8F1080FC5DB00BF781CC7B2019822
:1032E0008742BCDB00BF681C85B20298854296DB32
:1032F000BDE8FE8F2DE9FE4F8046894615469A4669
:10330000DDE90D470C9E2AE0102C09D153462A46D0
:1033100049464046CDE901470096FFF76CFF19E0AA
:10332000182C09D153462A4649464046CDE9014763
:103330000096FFF7D9FE0DE0202C09D153462A460E
:1033400049464046CDE901470096FFF74EFE01E0B1
:10335000BDE8FE8FAD1C08EB04001FFA80F828784A
:103360000028D1D100BFF3E72DE9FF4F83B0054618
:103370008A461746119CAB46204604EBD071C1F338
:1033800047063046F11706EB5171C910614389B207
:103390000191A7F12000C7B20AEB0400401E83B2DE
:1033A000A819401E82B25146284600F0BCF94FF0E1
:1033B000000954E0102C06D1134800EB071010F858
:1033C000090002900BE0202C06D1104800EB87107A
:1033D00010F80900029002E007B0BDE8F08F4FF04E
:1033E000000834E01298B8B9012000FA08F00299F8
:1033F000084068B1069800F07FF924E0E4DA00089C
:1034000072D90008FED500084EB800083EBE00087C
:10341000109800F071F916E0012000FA08F0029906
:10342000084020B151462846069AFFF706FD681C61
:1034300085B2A5EB0B00B04205D15D460AF1010053
:103440001FFA80FA06E008F1010000F0FF08B8F169
:10345000080FC7DB00BF09F101001FFA80F90198CE
:103460008145A7DB00BFB7E72DE9FE4F06460F46B3
:1034700014469846DDE90D5ADDF8309010E0CDE9AC
:10348000015ACDF800902278434639463046FFF77E
:103490006BFF284605EBD07106EB61018EB2641C10
:1034A00020780028EBD1BDE8FE8F10B50246012040
:1034B00000E050430B1EA1F10104E1B2F9D110BDAF
:1034C0002DE9FF4F85B0074691461D46DDE913A65D
:1034D00000200490304606EBD071C1F3470B002466
:1034E00034E0281B401EC1B20A20FFF7DEFFB9FB03
:1034F000F0F00A21B0FBF1F201FB12080498A0B928
:10350000681EA04211DDB8F1000F0CD1002004FBB1
:103510000B71CDE900A6029088B22022129B069979
:10352000FFF722FF10E001200490002008F1300195
:10353000CAB204FB0B71CDE900A6029088B2129BBF
:103540000699FFF711FF00BF601CC4B2AC42C8DB94
:1035500009B0BDE8F08F2DE9FF4F85B007469046D2
:103560001C46DDE91396304606EBD071C1F3470BDC
:103570003A49404608F06CF8039007F0E9FF80B242
:103580000490002531E0601B401EC1B20A20FFF705
:103590008CFF0499B1FBF0F00A21B0FBF1F201FBC2
:1035A000120AA01EA84210D10020A11E01FB0B711F
:1035B000CDE90096029088B22E22129B0699FFF761
:1035C000D3FE681CC5B2601CC4B200200AF13001F1
:1035D000CAB205FB0B71CDE90096029088B2129B2E
:1035E0000699FFF7C1FE681CC5B2A542CBDB09B046
:1035F000BDE8F08F2DE9F05F0746884615461E4668
:10360000DDF82890002408EB0600401E83B27819EC
:10361000401E82B24146384600F085F8A24619E0C5
:103620004FF0000B10E019F8140000F05FF80121D2
:1036300001EB440119F8010000F058F8601C84B255
:103640000BF101001FFA80FBB345ECDB0AF101002E
:103650001FFA80FAAA45E3DBBDE8F09F0000C842EC
:1036600008B501210920FDF73FFB0121BC48FDF70A
:1036700050F94FF47C70ADF8000010208DF8030075
:1036800003208DF802006946B648FDF771F84FF443
:103690007C71B448FDF719F908BD70B504464FF4C4
:1036A0008071B048FDF713F9002517E01021AD48EF
:1036B000FDF70DF904F0800020B12021A948FDF7A5
:1036C00004F903E02021A748FDF701F91021A548DE
:1036D000FDF7FBF86006040E681CC5B2082DE5DB9B
:1036E0004FF480719F48FDF7F0F870BD10B50446A7
:1036F0002046FFF7D2FF10BD10B504462012FFF799
:10370000CCFFE0B2FFF7C9FF10BD10B50446802121
:103710009448FDF7DCF82046FFF7BFFF8021914871
:10372000FDF7D3F810BD2DE9F04104460D461646CD
:103730001F462A20FFF7E9FFA11C88B2FFF7DCFF34
:10374000B11C88B2FFF7D8FF2B20FFF7DEFFE91C82
:1037500088B2FFF7D1FFF91C88B2FFF7CDFF2C200C
:10376000FFF7D3FFBDE8F08110B5FFF779FF4021E7
:103770007C48FDF7ACF86420FFF763F840217948F6
:10378000FDF7A3F86420FFF75CF84FF4007175486B
:10379000FDF79BF86420FFF754F81120FFF7B5FF01
:1037A0007820FFF74EF8B120FFF7AFFF0220FFF7B8
:1037B0009DFF3520FFF79AFF3620FFF797FFB220D5
:1037C000FFF7A3FF0220FFF791FF3520FFF78EFFE1
:1037D0003620FFF78BFFB320FFF797FF0220FFF79C
:1037E00085FF3520FFF782FF3620FFF77FFF02209D
:1037F000FFF77CFF3520FFF779FF3620FFF776FFD4
:10380000B420FFF782FF0320FFF770FFC020FFF70F
:103810007CFFA220FFF76AFF0220FFF767FF8420EA
:10382000FFF764FFC120FFF770FFC520FFF75EFFC1
:10383000C220FFF76AFF0D20FFF758FF0020FFF7B7
:1038400055FFC320FFF761FF8D20FFF74FFF2A20B0
:10385000FFF74CFFC420FFF758FF8D20FFF746FF0E
:10386000EE20FFF743FFC520FFF74FFF0A20FFF7C9
:103870003DFF3620FFF749FFC820FFF737FFE02064
:10388000FFF743FF1220FFF731FF1C20FFF72EFF49
:103890001020FFF72BFF1820FFF728FF3320FFF73A
:1038A00025FF2C20FFF722FF2520FFF71FFF2820F0
:1038B000FFF71CFF2820FFF719FF2720FFF716FF4F
:1038C0002F20FFF713FF3C20FFF710FF0020FFF72A
:1038D0000DFF0320FFF70AFF0320FFF707FF10206B
:1038E000FFF704FFE120FFF710FF1220FFF7FEFEB5
:1038F0001C20FFF7FBFE1020FFF7F8FE1820FFF753
:10390000F5FE2D20FFF7F2FE2820FFF7EFFE232023
:10391000FFF7ECFE2820FFF7E9FE2820FFF7E6FE80
:103920002620FFF7E3FE2F20FFF7E0FE3B20FFF706
:10393000DDFE0020FFF7DAFE0320FFF7D7FE0320AD
:10394000FFF7D4FE1020FFF7D1FE3A20FFF7DDFE8F
:103950000520FFF7CBFE2920FFF7D7FE10BD0000A2
:1039600000023000000C014008B501210820FDF7DD
:10397000BBF910208DF80300C002ADF80000032051
:103980008DF8020069460748FCF7F2FE0020064960
:10399000086008BD01200449086070470020024902
:1039A00008607047000C0140BC81214200B591B015
:1039B00001214FF40270FDF797F901210846FDF748
:1039C00086F900208DF843000120ADF8400010A9D1
:1039D0007E48FCF7CDFE01208DF8310000200E90CE
:1039E0004FF460200D9000200B9001208DF83C00DA
:1039F00000208DF830000BA97548FDF792FC4FF4BC
:103A00004040FDF7D5F80523012208217048FDF755
:103A100020FD7048FDF786FE0120039000200290F3
:103A20000A906D4801904FF4806007900020059047
:103A30002020089066484C300090801506900020A9
:103A400004904FF40050099069466248FDF70CFF5E
:103A500001215F48FDF791FC01215E48FDF72FFF32
:103A600001215B48FDF794FC5948FDF7A8FC00BF15
:103A70005748FDF7A9FC0028FAD15548FDF7AEFCE0
:103A800000BF5348FDF7AFFC0028FAD10121504890
:103A9000FDF7B3FC11B000BD2DE9F04F97B0002049
:103AA000169015904FF07E501490002013904FF018
:103AB0007E5012904848008807F082FD81464FF002
:103AC0008B4107F067FC044607F02CFC07464FF0DB
:103AD0006632424B07F032FA054606F0CFFF1690E9
:103AE0003F4814901499169807F054FC15901298BA
:103AF00007F018FCCDE90E01159807F013FC0446F9
:103B0000384A394B07F01AFACDE90801159807F041
:103B100009FC04460D46159807F004FC8046334A1C
:103B2000334B07F00BFA064622462B4607F006FAFF
:103B3000CDE90401159807F0F5FB82468B461598F0
:103B400007F0F0FB04460D46159807F0EBFB064620
:103B5000284A294B07F0F2F9804622462B4607F007
:103B6000EDF952465B46CDE9000107F0E7F9CDE9F2
:103B70000201DDE9042307F0EBFACDE90601DDE9F6
:103B8000082306F0ADFF00221C4BCDE90A0107F027
:103B9000D5F9CDE90C01DDE90E2307F0CFF9CDE928
:103BA000100106F06BFF13900021139807F01CFD25
:103BB00001D8002013901249139807F015FE01D286
:103BC0000F481390139817B0BDE8F08F000C014018
:103BD00000240140080002403A00002066660A40C6
:103BE000713D0A3F85EB51B81ECB8A40EC51B81E9F
:103BF00085FB6F403D0AD7A370AD60400000E03FF9
:103C00000000AF4410B500F0ADF8472000F02FF9E8
:103C100000240CE000F059F928490855032C02D182
:103C200000F012F901E000F0FAF8601CC4B2032CB5
:103C3000F0DB00F0B1F80520FEF703FE10BD10B573
:103C4000044600F08FF8462000F011F9204600F0FD
:103C50000EF900F0A1F810BD10B50120FFF7EFFF3D
:103C600010BD2DE9F0410120FFF7E9FF1020FFF71B
:103C7000E6FFB420FEF7E5FDFFF7C4FF0F4800782C
:103C80000F4908600D484078096800EB01200C4995
:103C900008600846006807F07BFC804607F042FB9E
:103CA00006464FF03332074B06F0C2FF044606F0DB
:103CB000E5FE05490860BDE8F08100003C000020F9
:103CC000480000203333F33F4400002008B50121B1
:103CD0000820FDF709F84FF44060ADF8000003201C
:103CE0008DF8020010208DF8030069469048FCF71B
:103CF0003FFD08BD08B501210820FCF7F5FF4FF492
:103D00000060ADF8000004208DF803006946884883
:103D1000FCF72EFD08BD08B501210820FCF7E4FFE3
:103D20004FF40060ADF8000003208DF80200102071
:103D30008DF8030069467E48FCF71AFD08BD10B5F2
:103D40000620FEF73FFD10BD10B54FF40061784826
:103D5000FCF7BBFD4FF480617548FCF7B6FDFFF73B
:103D6000EEFF10BD10B54FF400617148FCF7ADFDDA
:103D70004FF480616E48FCF7A8FDFFF7E0FF4FF4B9
:103D800000616B48FCF7A3FD4FF480616848FCF7C5
:103D90009EFDFFF7D4FF10BD10B54FF4806164485D
:103DA000FCF793FD4FF400616148FCF790FDFFF7CD
:103DB000C6FF4FF400615E48FCF787FD4FF4806159
:103DC0005B48FCF784FDFFF7BAFF10BD10B5FFF7A5
:103DD00091FF4FF480615648FCF779FD4FF4806104
:103DE0005348FCF772FDFFF7AAFF05E0601C84B2A0
:103DF000642C01D1002010BD4FF400614C48FCF749
:103E00004AFD08B1642CF1DB4FF480614848FCF7AF
:103E10005EFDFFF794FFFFF77EFF0120EBE710B593
:103E20004FF400614248FCF752FD4FF48061404876
:103E3000FCF74BFDFFF783FF4FF480613C48FCF734
:103E400046FDFFF77CFF10BD10B54FF40061384808
:103E5000FCF73BFD4FF480613548FCF736FDFFF77A
:103E60006EFF4FF480613248FCF731FD10BD70B534
:103E7000044600251FE004F08000802804D10101E1
:103E80002B48FCF722FD04E04FF400612848FCF7C2
:103E90001EFD4FF480612648FCF717FDFFF74FFF2A
:103EA0004FF480612248FCF712FDFFF748FF6006DF
:103EB000040E681CC5B2082DDDDB4FF400611C4800
:103EC000FCF705FDFFF782FF70BD70B50024FFF71A
:103ED00011FF4FF480611648FCF7F9FC4FF40061C4
:103EE0001348FCF7F2FCFFF72AFF002519E06006F3
:103EF000040E4FF480610E48FCF7E7FCFFF71FFF4C
:103F00004FF400610A48FCF7C6FC08B144F0010414
:103F10004FF480610648FCF7DAFCFFF710FF681CDD
:103F2000C5B2082DE3DBFFF7F6FE204670BD0000AA
:103F3000000C014000B589B001214803FCF7D4FE14
:103F400001211020FCF7D0FE18208DF823008020DE
:103F5000ADF8200003208DF8220008A91E48FCF7C8
:103F600007FC1E48FEF76CF90020ADF81A00ADF80A
:103F700016006320ADF8180040F2CF20ADF8140011
:103F800000208DF81C0005A91448FDF7C9FD01A803
:103F9000FEF7FBF86020ADF804000020ADF80C003F
:103FA0000120ADF806000020ADF80A0001A90B4879
:103FB000FDF735FE01210948FEF70EF901210748FA
:103FC000FEF716F909B000BD10B5044621460348B6
:103FD000FEF79CFB10BD00000010014000340140C2
:103FE00008B54FF4A060FCF7F5FAFEF7D3FB4FF4E9
:103FF000E130FEF749FC4FF4E130FEF798FCFFF7A3
:10400000B3FBFEF735FDFFF7AFFCFEF7EFFDFFF763
:10401000CDFCFEF75FFDFFF759FEFFF78BFFFAA11E
:10402000FE48FEF7EEFC4FF6FF7080231A46002193
:1040300000900846FEF7DCFE08BD0EB5F848007893
:10404000012804D002281FD0032869D142E00020B3
:1040500010214FF6FF724FF47843CDE90021029012
:104060003C2223215F20FFF77FF9002010214FF62B
:10407000FF724FF47843CDE9002102902D222321D5
:104080006920FFF771F94BE04FF6FF703C23802267
:10409000232100905F20FEF7ABFE002010214FF699
:1040A000FF724FF47843CDE9002102903C22114683
:1040B0005F20FFF759F9002010214FF6FF724FF4EF
:1040C0007843CDE9002102902D223C216920FFF7A1
:1040D0004BF925E04FF6FF70552380223C210090DC
:1040E0005F20FEF785FE002010214FF6FF724FF48F
:1040F0007843CDE9002102903C2255215F20FFF753
:1041000033F9002010214FF6FF724FF47843CDE9C8
:10411000002102902D2255216920FFF725F900BFCB
:1041200000BF0EBD0EB5002010214FF6FF720346F2
:10413000CDE900210290BBA20A210F20FFF7DAF897
:10414000002010214FF6FF720346CDE900210290B6
:10415000B8A223210520FFF7CDF810204FF6FF71FC
:1041600000220223CDE900210290B54802782321E4
:104170004B20FFF7A5F9002010214FF6FF720346F0
:10418000CDE900210290AFA23C210520FFF7B2F853
:1041900010204FF6FF7100220223CDE9002102908A
:1041A000AB4802783C214B20FFF78AF90020102110
:1041B0004FF6FF720346CDE900210290A5A25521DA
:1041C0000520FFF797F810204FF6FF710022022319
:1041D000CDE900210290A248027855214B20FFF73B
:1041E0006FF9FFF72AFF0EBD30B589B0142104A87E
:1041F00005F0FFF8002010214FF6FF720346CDE9CD
:104200000021029097A203212520FFF773F8974819
:104210000078012835D1002010214FF6FF720346A7
:10422000CDE90021029092A215210520FFF762F846
:10423000002010214FF6FF720346CDE900210290C5
:104240003A2215212520FFF78FF8002010214FF684
:10425000FF720346CDE9002102902D2215212F2067
:10426000FFF782F810204FF6FF7100220423CDE9FA
:10427000002102908048152102683A20FFF76BF96F
:1042800041E0002010214FF6FF720346CDE90021E6
:10429000029077A215210520FFF72CF800201021AD
:1042A0004FF6FF720346CDE9002102903A22152114
:1042B0002520FFF759F8002010214FF6FF72034622
:1042C000CDE9002102902B2215212F20FFF74CF879
:1042D00010204FF6FF7100220423CDE90021029047
:1042E0006548152102683A20FFF735F900201021B2
:1042F0004FF6FF720346CDE9002102905FA215211F
:104300006420FEF7F7FF002010214FF6FF720346EE
:10431000CDE9002102905AA228210520FFF7A4F838
:10432000142104A805F065F85748006806F0FAFF64
:10433000044622460B4655A104A804F0D3FD4FF6CF
:10434000FF703B235A22282100905020FEF750FD99
:10435000002010214FF6FF720346CDE900210290A4
:1043600004AA28212F20FFF77FF8002010214FF604
:10437000FF720346CDE90021029046A226215A2071
:10438000FFF772F8002010214FF6FF720346CDE9C7
:104390000021029040A23C210220FEF7ABFF00204A
:1043A00010214FF6FF720346CDE9002102903A2218
:1043B0003C214020FEF7D8FF142104A805F019F88D
:1043C0003848006806F0AEFF044622460B462FA18F
:1043D00004A804F087FD4FF6FF704E236E223C21A7
:1043E00000906920FEF704FD002010214FF6FF72B7
:1043F0000346CDE90021029004AA3C214820FFF7A2
:1044000033F8002010214FE0204861726477617218
:104410006520696E6974204F4B0D0A000038014019
:1044200059000020E3D0D6B5C9E8D6C3BDE7C3E63E
:1044300000000000CEC2B6C8E3D0D6B50000000030
:1044400056000020CBAED6CAE3D0D6B5000000009F
:1044500057000020B5C6B9E2E3D0D6B50000000091
:1044600058000020D6F7BDE7C3E600003800002062
:10447000CBAECEC2000000004C000020A1E6000040
:10448000544453203A00000050000020252E31668D
:104490000000000070706D00B9E2D5D5C7BFB6C886
:1044A00000000000440000204FF6FF720346CDE9F3
:1044B00000210290FBA23C216E20FEF7D5FF0020D8
:1044C00010214FF6FF720346CDE900210290F6A2BB
:1044D00050210520FEF70EFF002010214FF6FF723D
:1044E0000346CDE9002102903A2250212520FEF713
:1044F0003BFFEF48007801280ED1002010214FF635
:10450000FF724FF47843CDE900210290E9A25021D7
:104510002D20FEF7EFFE0CE0002010214FF6FF7279
:104520000346CDE900210290E3A250212D20FEF7A1
:10453000E1FE002010214FF6FF720346CDE9002175
:104540000290DEA250214120FEF7D4FE002010216F
:104550004FF6FF720346CDE9002102903A22502126
:104560006120FEF701FFD748007870B100201021CC
:104570004FF6FF724FF47843CDE900210290CDA2AF
:1045800050216920FEF7B6FE0CE0002010214FF606
:10459000FF720346CDE900210290C7A25021692095
:1045A000FEF7A8FEC848007870B1002010214FF631
:1045B000FF724FF47843CDE900210290C3A2692134
:1045C0000520FEF797FE08E04FF6FF7080231A469D
:1045D000692100900520FEF70BFC09B030BD2DE9E4
:1045E000F84F00200090BC48007806F0E9FF044630
:1045F000BA480168204607F0F7F805D2FFF7CAF974
:104600000120AB49087004E0FFF7C8F90020A84971
:104610000870B348007806F0D3FF0446B14801683B
:10462000204607F0E1F81ED80120A6490870AD48E1
:10463000006806F077FE80460022AB4B06F0F8FAE1
:1046400006460022A94B06F079FC04460022A74B3F
:1046500006F072FD824606F043FC80B2009000989E
:10466000FFF7B2FC04E0002096490870FFF7ACFCAD
:104670009F48006806F050FF9E490978884205DB94
:10468000012091490870FEF714FA04E000208E49D9
:104690000870FEF712FABDE8F88F10B50520FEF796
:1046A000D0F895480068012816D10A20FEF7C9F80D
:1046B0009148006801280FD100BF8F480068012889
:1046C000FBD08E490978481CC11700EB9171891005
:1046D000A0EB8101894A117010BD10B50520FEF7CD
:1046E000B0F88748006830BB0A20FEF7AAF8844873
:1046F000006800BB00BF824800680028FBD07F48EC
:104700000078012804D0022808D0032812D10BE039
:1047100071480078401C704908700BE075480078BB
:10472000401C7449087005E06D480078401C6C49D5
:10473000087000BF00BF10BD10B50520FEF781F85E
:104740006F48001D006840BB0A20FEF77AF86C48ED
:10475000001D006808BB00BF6948001D00680028F4
:10476000FAD066480078012804D0022808D003282F
:1047700012D10BE058480078401E574908700BE0F2
:104780005C480078401E5B49087005E0544800789A
:10479000401E5349087000BF00BF10BD0EB5002574
:1047A0000024FFF71DFC01F0D5FD56A15C48FEF783
:1047B00028F903E04FF4FA70FEF722F859A15B489C
:1047C00001F069FD0028F5D159A15548FEF719F906
:1047D00003E04FF4FA70FEF713F800F029F900280F
:1047E000F7D14FF6FF7080231A460021009008464B
:1047F000FEF7FEFA002010214FF6FF724FF47843C7
:10480000CDE90021029052A20A210520FEF72CFEDC
:10481000002010214FF6FF724FF47843CDE90021BC
:1048200002904FA21E210520FEF71EFEFEF741F961
:10483000FA20FDF7E5FFFEF740F900F097FAAFF236
:10484000A512AFF26911AFF20F10FEF7BDF940F6F5
:10485000C410FDF7F6FF4FF6FF7080231A460021C3
:1048600000900846FEF7C4FAC3E0FFF7FAF9681CA7
:1048700080B20546142814DBFEF76EFA174908606B
:10488000FFF70AF91A4908600846006806F044FE76
:1048900006461248006806F03FFE074633463A4691
:1048A00064E070E04C580000BCD3C8C800000000B1
:1048B0005B000020BFAA0000B9D80000D5D5C3F71F
:1048C000000000005400002055000020CBAED6CAE6
:1048D000D2ECB3A300000000560000204C000020E2
:1048E00058000020440000200000344000005940DF
:1048F00050000020570000200001214259000020F4
:1049000020012242436F6E6E656374204D515454F2
:1049100073205365727665722E2E2E0D0A000000EC
:1049200000380140434F4E4E45435400C4DE00085A
:10493000436F6E6E656374204D51545473205365FC
:104940007276657220537563636573730D0A000098
:10495000436F6E6E6563742054656E63656E74009C
:1049600020205375636365737321000021A12848DB
:10497000FEF747F827A12648FEF743F800F08AF92A
:10498000002501F069FCFFF72AFE2748007888B966
:104990002648007858B94FF6FF7080231A46002148
:1049A00000900846FEF724FA012020490870FFF71E
:1049B0001BFC12E01D48007801280BD14FF6FF7058
:1049C00080231A46002100900846FEF711FA0020C5
:1049D00016490870FFF7A6FB00BF00BF002001F0DA
:1049E00097FC044614B1204600F084FB0520FDF737
:1049F00007FF3AE774656D703D25642C7761746537
:104A0000725F7175616C6974793D25640D0A0000EF
:104A10000038014074656E674E65745F53656E645F
:104A2000446174610D0A0000590000205A00002002
:104A300070B5D2B000202E902F903090319001258B
:104A40008022002132A804F0AAFC32A9D3A001F0F0
:104A500033FE32A804F001FC064632AB06AA272139
:104A60000090D5A001F0B4FDDDA106A804F014FC6F
:104A700006A8D1A3DDA2E1A10090EC48FDF7C1FF9B
:104A80002EA8002102910391CDE9041008460121CE
:104A90000B02D6A2CDE9001006A9C7A000F081FD47
:104AA000002842D12F9A91B22E9801F01AFCFA20D8
:104AB00001F02EFC0446002C33D0204600F03CFDD3
:104AC00002282ED1204600F0D1FE062823D2DFE8AE
:104AD00000F003090E13181DD5A1D448FDF791FF6E
:104AE00000251DE0D7A1D148FDF78BFF18E0DCA120
:104AF000CE48FDF786FF13E0E2A1CC48FDF781FF29
:104B00000EE0E8A1C948FDF77CFF09E0EEA1C74827
:104B1000FDF777FF04E0F7A1C448FDF772FF00BF7F
:104B200000BF2EA800F0C0FC03E0F9A1BF48FDF7CC
:104B300068FF284652B070BD70B58CB00446302175
:104B4000684604F056FCFBA1204604F062FB3021CD
:104B5000684604F04EFCFCA1684604F0C3F96946BF
:104B6000204604F099FB3021684604F042FCFE48E0
:104B7000006806F0D7FB05462A460B46FBA16846AF
:104B800004F0B0F96946204604F086FB30216846FF
:104B900004F02FFCF948006806F0C4FB05462A46DD
:104BA0000B46F7A1684604F09DF96946204604F0DB
:104BB00073FB3021684604F01CFCF748006806F0DF
:104BC000B1FB05462A460B46F4A1684604F08AF973
:104BD0006946204604F060FB3021684604F009FC79
:104BE000F2480278F2A1684604F07CF96946204652
:104BF00004F052FB3021684604F0FBFBEF480278DA
:104C0000EFA1684604F06EF96946204604F044FBC3
:104C10003021684604F0EDFBEC480278ECA16846D0
:104C200004F060F96946204604F036FB30216846FE
:104C300004F0DFFBEB480278EBA1684604F052F980
:104C40006946204604F028FB3021684604F0D1FB79
:104C5000E9480278E9A1684604F044F9694620462B
:104C600004F01AFB3021684604F0C3FBE8480278E0
:104C7000E8A1684604F036F96946204604F00CFBCA
:104C8000E9A1204604F008FB204604F0E6FAC0B291
:104C90000CB070BD30B5C5B000204190429043903B
:104CA000449000240025E1A16048FDF7AAFE4FF4DE
:104CB000807101A804F09DFB01A8FFF73DFF0446A9
:104CC000002C26D041A80023224648A100903AA0FB
:104CD00000F0BDFEC8B908E001A8415D429A501C31
:104CE000429041988154681C05B2A542F4DB429A77
:104CF00091B2419801F0F5FAD4A14C48429AFDF7DF
:104D000080FE41A800F0D0FB03E0D4A14748FDF7A6
:104D100078FE45B030BD70B588B005460C46002021
:104D2000049005900690079023462A46D3A13F4859
:104D3000FDF767FE204604F090FA064604A801211C
:104D4000002200923346CDE90121039022462946F4
:104D50000A2000F09AFD38B9059A91B2049801F042
:104D6000C0FA04A800F0A0FB08B070BD00B595B073
:104D70000020119012901390149003A80290C7A2E3
:104D8000382104F0C5F803AACDA12848FDF739FE63
:104D900011A8012302AA002100909DE16370786EA2
:104DA000455071424A6D436E35495A2B65485178DA
:104DB0004F673D3D0000000052484542305245419A
:104DC0004E326431313B31323031303132363B6337
:104DD000326431313B31373333383439333836008C
:104DE0003B686D6163736861310000005248454261
:104DF000305245414E3264313100000074656E67B7
:104E000078756E5F4465764C696E6B0D0A4E414D48
:104E1000453A2025732C0950524F49443A202573B6
:104E20002C094B45593A25730D0A00000038014002
:104E3000546970733A09C1ACBDD3B3C9B9A60D0AA0
:104E4000000000005741524E3A09C1ACBDD3CAA779
:104E5000B0DCA3BAD0ADD2E9B4EDCEF30D0A0000B8
:104E60005741524E3A09C1ACBDD3CAA7B0DCA3BA70
:104E7000B7C7B7A8B5C4636C69656E7469640D0A79
:104E8000000000005741524E3A09C1ACBDD3CAA739
:104E9000B0DCA3BAB7FECEF1C6F7CAA7B0DC0D0AE4
:104EA000000000005741524E3A09C1ACBDD3CAA719
:104EB000B0DCA3BAD3C3BBA7C3FBBBF2C3DCC2EB5A
:104EC000B4EDCEF30D0A00005741524E3A09C1AC81
:104ED000BDD3CAA7B0DCA3BAB7C7B7A8C1B4BDD306
:104EE00028B1C8C8E7746F6B656EB7C7B7A8290D3E
:104EF0000A0000004552523A09C1ACBDD3CAA7B05E
:104F0000DCA3BACEB4D6AAB4EDCEF30D0A000000ED
:104F10005741524E3A094D5154545F5061636B658D
:104F200074436F6E6E656374204661696C65640DD1
:104F30000A0000007B226D6574686F64223A227259
:104F400065706F7274222C0022636C69656E7454F4
:104F50006F6B656E223A22313233222C22706172DD
:104F6000616D73223A7B00004C0000202274656D55
:104F700070223A252E32662C0000000050000020DE
:104F80002277617465725F7175616C697479223A18
:104F9000252E32662C00000044000020226C696738
:104FA0006874223A252E32662C000000550000203D
:104FB000224C4544223A25642C0000005400002075
:104FC000224C454432223A25642C00005B0000202C
:104FD000227377697463685F686F74223A25642C62
:104FE0000000000058000020226C65645F6C696D51
:104FF0006974223A25642C00560000202274656DE5
:10500000705F6C696D6974223A25642C00000000A1
:10501000570000202277617465725F6C696D697456
:10502000223A2564000000007D7D00005469707301
:105030003A094F6E654E65745F53656E64446174E2
:10504000612D4D5154540D0A0000000053656E64EB
:105050002025642042797465730D0A005741524E31
:105060003A094544505F4E65774275666665722021
:105070004661696C65640D0A000000005075626C41
:1050800069736820546F7069633A2025732C204D32
:1050900073673A2025730D0A0000000024746869C4
:1050A0006E672F646F776E2F70726F706572747990
:1050B0002F52484542305245414E322F6431310023
:1050C00053756273637269626520546F7069633AE5
:1050D0002025730D0A000000142000F0C0FD38B92F
:1050E000129A91B2119801F0FCF811A800F0DCF9C5
:1050F00015B000BD2DE9F047A6B0814600202590EF
:1051000024902390229021900027804682460025FB
:105110000024484600F010FA0746032F04D0042F5D
:105120003FD0092F54D145E0824821A922AA25ABBE
:10513000CDE90021029023AA24A9484600F0C9FE27
:105140008046B8F1000F2BD10026BDF888002599C4
:10515000CDE90010BDF88C3077A18648249AFDF780
:1051600050FC85A1249804F042F80646BEB12F21D8
:10517000304604F020F80646761C24223146684664
:1051800004F096F800208DF824007EA250210AA891
:1051900003F0BEFE83A10AA8FFF7BDFD00BF00BF5C
:1051A00000BF484600F095FF18B980A17148FDF78F
:1051B00028FC10E0484600F0D1FD20B983A16D48DD
:1051C000FDF71FFC03E088A16A48FDF71AFC02E026
:1051D0004FF0FF3800BF00BF01F03EF808F10100BA
:1051E00010B926B0BDE8F08786A1259803F0FFFF2F
:1051F00082463A21259803F0DEFF8246BAF1000F7D
:1052000075D008F101000028FAD080A1259803F09C
:10521000EEFF10B1FDF74DFC06E07EA1259803F0EE
:10522000E6FF08B1FDF749FC7CA1259803F0DFFFFC
:10523000041E21D07CA1204603F0D9FF041E1BD000
:1052400000201E901F9020900025641C05E014F89B
:10525000012B28466D1C1EA90A542078302802DB39
:1052600020783928F3DD00201EA948551EA803F038
:1052700095FF05466D490D706DA1259803F0B7FFA8
:10528000041E21D068A1204603F0B1FF041E1BD0EC
:1052900000201E901F9020900025641C05E014F84B
:1052A000012B28466D1C1EA90A542078302802DBE9
:1052B00020783928F3DD00201EA948551EA803F0E8
:1052C0006DFF05465D490D705DA1259803F08FFFC8
:1052D000041E22D054A1204603F089FF041E1CD0D6
:1052E00000201E901F9020900025641C06E014E012
:1052F00014F8012B28466D1C1EA90A54207830286A
:1053000002DB20783928F3DD00201EA948551EA8AD
:1053100003F044FF05464D490D700F2F01D0032FB8
:1053200005D1249803F09DFD259803F09AFD00BF58
:1053300057E700005C000020746F7069633A202515
:10534000732C20746F7069635F6C656E3A202564FE
:105350002C207061796C6F61643A2025732C207069
:1053600061796C6F61645F6C656E3A2025640D0A2B
:105370000000000000380140726571756573742F7C
:1053800000000000247468696E672F75702F6163D8
:1053900074696F6E2F52484542305245414E322F4C
:1053A000643131006F6A626B0000000054697073F1
:1053B0003A094D515454205075626C6973682053FA
:1053C000656E64204F4B0D0A000000005469707335
:1053D0003A094D5154542053756273637269626582
:1053E000204F4B0D0A000000546970733A094D516B
:1053F00054542053756273637269626520457272FA
:105400000D0A0000706172616D730000224C45440A
:10541000223A3100224C4544223A300074656D70C6
:105420005F6C696D697400003A000000560000204E
:1054300077617465725F6C696D6974005700002054
:105440006C65645F6C696D69740000005800002031
:1054500070B504460E460025206898B901202073D7
:10546000304603F0CFFC20602068E0B1002060608F
:10547000A66003E00020216848556D1CA068A84282
:10548000F8D810E00220207303E00020216848557E
:105490006D1CA068A842F8D800206060A068B042E7
:1054A00001D20020206070BD10B50446207B012889
:1054B00002D1206803F0D5FC002020606060A0606D
:1054C000207310BD0246002301230DE002F07F008F
:1054D0000870D2092AB1087840F080000870491C91
:1054E00001E0184670475B1C042BEFDD4FF0FF30E6
:1054F000F8E7F0B504460D4626460123002010606B
:10550000002114E0775C07F07F07106807FB0300B9
:105510001060705C00F0800008B9481CF0BDDB0131
:10552000B3F5001F02D36FF00100F7E7491CA94251
:10553000E8DB4FF0FF30F1E7F8B50446FF272078AD
:105540000511012D01DB0E2D01DD3846F8BD032DBF
:1055500024D1002000906A460421601CFFF7C9FF97
:105560002044461C0098022803D3207800F0010054
:1055700008B1FF20EAE77078317840EA0120801C0A
:105580000099884201D9FF20E0E7F8A1B01C03F0A0
:105590002EFE08B10F2700E0032700E02F46384613
:1055A000D4E72DE9FF4F83B082468B469146159C88
:1055B0000025002002900F270190484603F04DFE81
:1055C0000FFA80F8B9F1000F03D1012007B0BDE850
:1055D000F08F08F10200384487B2109808B145F006
:1055E0000205129878B145F00405129803F035FED3
:1055F000C0B20290139803F030FE01460298001DDD
:105600000844384487B2119820B1012804D00228F8
:1056100008D104E000BF07E045F00C0504E045F0C8
:10562000140501E00220D1E700BF149808B145F04D
:105630002405BAF1000F02D0BBF1000F01D1032005
:10564000C4E745F0C005504603F007FE064658463D
:1056500003F003FE3044001D384487B2394620462B
:10566000FFF7F6FE206808B90420AFE73946206846
:1056700003F09DFE10216268501C60602068815418
:10568000D4E90023D118781FFFF71CFF00B2019066
:105690000198002804DA2046FFF706FF052095E769
:1056A000616801980844606000216268501C606075
:1056B0002068815404216268501C60602068815415
:1056C0004D216268501C60602068815451216268DD
:1056D000501C60602068815454216268501C6060D6
:1056E000206881546268501C6060206881540421E5
:1056F0006268501C6060206881546168481C60606A
:10570000206845540698010A6268501C6060206851
:1057100081540698C1B26268501C60602068815450
:10572000C8F307216268501C606020688154626879
:10573000501C6060206800F80280D4E900128818CC
:105740004246494603F041FD60684044606005F010
:105750000400B8B30026139808B986A013901298D5
:1057600003F07BFD86B2310A6268501C60602068DD
:1057700081546268501C606020688654D4E900122D
:1057800088183246129903F020FD6068304460604A
:10579000139803F062FD86B2310A6268501C6060A3
:1057A000206881546268501C606020688654D4E987
:1057B000001288183246139903F007FD60683044E0
:1057C000606000BF05F08000C8B1504603F045FDA1
:1057D00086B2310A6268501C606020688154626839
:1057E000501C606020688654D4E900128818324644
:1057F000514603F0EAFC60683044606000BF05F089
:105800004000C8B1584603F028FD86B2310A6268EC
:10581000501C6060206881546268501C6060206881
:105820008654D4E9001288183246594603F0CDFC5C
:1058300060683044606000BF0020C7E610B50446D1
:1058400002212046FFF704FE206808B9012010BDA0
:10585000E0216268501C6060206881540021626809
:10586000501C6060206881540020F0E701464878B1
:10587000022801D001207047887810B1887801286B
:1058800001D1C878F7E7FF20F5E72DE9FF4F83B096
:10589000834617469946139C002500260020029057
:1058A00001908046BBF1000F03D1012007B0BDE895
:1058B000F08F00260AE00498805D232803D0049826
:1058C000805D2B2801D10220F0E7761C0498805DD2
:1058D0000028F0D148F03008119808B148F00108CC
:1058E00006EB0900851C109820B1012804D002287D
:1058F0000AD105E000BF09E048F00208AD1C05E050
:1059000048F00408AD1C01E00320CFE700BF67B3F7
:105910003878022821D14FF0000A00BF50460AF122
:10592000010A385C7D28F9D1AAF1030A0AF10700BF
:1059300002900298A9EB000AE81CA0EB0A0120469D
:10594000FFF786FD206808B90420AFE7EA1CA2EB48
:105950000A01206803F02BFD1FE0691D2046FFF7B8
:1059600077FD206840B90420A0E70AE0246372654F
:105970007100000000000000691D206803F017FDA1
:105980000BE0691D2046FFF763FD206808B904207D
:105990008CE7691D206803F00AFD6168481C60609F
:1059A000206800F80180D4E9000281182846FFF73A
:1059B00089FD01900198002804DA2046FFF774FD64
:1059C000052073E76168019808446060C6F3072109
:1059D0006268501C6060206881546268501C60607E
:1059E00020688654D4E9001288183246049903F0DE
:1059F000ECFB606830446060109860B14FEA1B2196
:105A00006268501C6060206881546268501C60604D
:105A1000206800F802B0C7B1387802280BD1D4E969
:105A2000001288183946029A03F042FC6168029815
:105A30000844606009E0D4E9001288184A463946F3
:105A400003F036FC60684844606000202EE72DE9D2
:105A5000F04190B006460F4614469846169DF7A2B0
:105A6000302104A803F054FA01200021CDE90001FF
:105A700023460A4604A9CDE902050A20FFF705FFDF
:105A800018B1012010B0BDE8F0810020FAE72DE93F
:105A9000F04F85B080460D469146012004900027C6
:105AA000002600244FF0000A404603F0D6FB00F128
:105AB0000D0B584603F0A6F907461FB9049805B028
:105AC000BDE8F08F4246E6A1384603F00BFA3846AF
:105AD00003F0C3FBC6B2F01D00EB050AAAEB0500FC
:105AE00003F090F9044624B9384603F0BAF9049853
:105AF000E5E70220207000206070A670324639462B
:105B0000E01C03F0D5FB290EF01C2154C5F307411E
:105B1000301D2154C5F30721701D2154B01D25549B
:105B200001200021CDE9000153462246D0A1CDE954
:105B300002090A20FFF7A9FE08B9002004903846A0
:105B400003F08FF9204603F08CF90498B7E72DE9AC
:105B5000F84380460C4615461E462F2108F10600E4
:105B600003F029FB07460020009017B90120BDE88B
:105B7000F8837F1C6A46042108F10100FFF7B9FC95
:105B8000252003F03FF92060206808B90220EEE7E5
:105B90002521206803F00BFC24223946206803F0FD
:105BA00087FB243700982C3830803188481C03F05C
:105BB00029F92860286820B9206803F052F90320E9
:105BC000D5E73288511C286803F0F1FB328839464A
:105BD000286803F06DFB0020C9E72DE9FF5F074649
:105BE0000D469046384603F038FB86B2284603F04F
:105BF00034FB1FFA80FA4FF00009F01D03F002F9A0
:105C000004461CB9012004B0BDE8F09FF11D2046F8
:105C100003F0CDFB97A0016821608088A080324608
:105C20003946204603F0D1FA284603F016FB834696
:105C30000120002100915B462A46CDE9020801912E
:105C400021460A20FFF721FE10B94FF0000901E0BC
:105C50004FF00109204603F004F94846D3E72DE947
:105C6000FF5F8046174699460E9C0026B246B34613
:105C70000025B8F1000F03D1012004B0BDE8F09F6A
:105C80000BE057F8250008B90220F6E757F8250081
:105C900003F0E3FA0644681CC5B24D45F1DB09EB9D
:105CA0004900801C00EB060A0AF105012046FFF7B7
:105CB000CFFB206808B90320DFE782216268501C0F
:105CC000606020688154D4E9000281185046FFF7D3
:105CD000F9FB0FFA80FBBBF1000F04DA2046FFF757
:105CE000E3FB0420C9E76068584460604FEA18216C
:105CF0006268501C6060206881546268501C60605B
:105D0000206800F80280002524E057F8250003F001
:105D1000A4FA0646C6F307216268501C606020683A
:105D200081546268501C606020688654D4E9002366
:105D3000D01857F82510324603F047FA606830440F
:105D400060600198C1B26268501C60602068815434
:105D5000681CC5B24D45D8DB00208EE70146FF2008
:105D60008A78A2B9CA78142A11D10A7932B1012AE3
:105D700005D0022A04D0802A06D103E000BF00BF6C
:105D8000002003E0012001E0022000BF00BF7047B7
:105D90002DE9F05F80460F4691461C460026B2462C
:105DA000B3460025B8F1000F02D10120BDE8F09FF5
:105DB0000BE057F8250008B90220F7E757F825004F
:105DC00003F04BFA0644681CC5B24D45F1DB0220D6
:105DD00000EB490000EB060A0AF105012046FFF737
:105DE00037FB206808B90320E0E7A2216268501C55
:105DF000606020688154D4E9000281185046FFF7A2
:105E000061FB0FFA80FBBBF1000F04DA2046FFF7BD
:105E10004BFB0420CAE76068584460604FEA1821D1
:105E20006268501C6060206881546268501C606029
:105E3000206800F8028000253EE0000024746869B4
:105E40006E672F75702F70726F70657274792F5234
:105E5000484542305245414E322F643131000000F6
:105E60007B2264735F6964223A222573227D0000DD
:105E70002464700024637273702F000057F82500AB
:105E800003F0EBF90646C6F307216268501C606018
:105E9000206881546268501C606020688654D4E990
:105EA0000023D01857F82510324603F08EF96068A9
:105EB00030446060681CC5B24D45DFDB002075E7EB
:105EC000014601208A781AB9CA781E2A00D100201A
:105ED00070472DE9FC5F81460D4614461E46DDE9FC
:105EE0000C8B99F8000000F00F0A002001900AF0D6
:105EF00008000090CAF341008BF8000001AA0421B9
:105F000009F10100FFF7F5FA4844471C01980228FF
:105F100002D30AF0010010B1FF20BDE8FC9F7878A1
:105F2000397840EA012020802088801C019988422D
:105F300001D9FF20F1E7AFF2CC51B81C03F057F9BB
:105F400008B10F20E9E79BF8000020B101283DD0FF
:105F5000022877D13BE0009808B1FF20DDE72188D7
:105F6000481C02F04FFF2860286808B9FF20D4E7DA
:105F70002288511C286803F01AFA2288B91C286864
:105F800003F096F90198801E2188401AA8F80000B5
:105F9000B8F80010481C02F035FF3060306820B9B6
:105FA000286802F05EFFFF20B7E7B8F80020511C18
:105FB000306803F0FCF9B8F80020B4F800C0BB1C4E
:105FC0000CEB0301306803F073F94FE000BF208849
:105FD000801C0199884201D9FF209EE72088C01CBF
:105FE000395C2088801C385C41EA00210E980180D1
:105FF0000E9808B9FF2090E72188481C02F002FFA4
:106000002860286808B9FF2087E72288511C286883
:1060100003F0CDF92288B91C286803F049F90198EA
:10602000001F2188401AA8F80000B8F80010481C8A
:1060300002F0E8FE3060306828B9286802F011FFED
:10604000FF206AE710E0B8F80020511C306803F028
:10605000AEF9B8F80020B4F800C03B1D0CEB03010A
:10606000306803F025F901E0FF2056E700BF2B213F
:10607000284603F0A0F820B92321284603F09BF816
:1060800008B1FF2049E7002047E770B505460C46F8
:1060900004212046FFF7DCF9206808B9012070BD13
:1060A00040216268501C606020688154022162684F
:1060B000501C60602068815429126268501C606026
:1060C000206881546268501C6060206885540020FC
:1060D000E5E701464878022801D00120704788781A
:1060E00020B9C8780A2801D10020F7E70120F5E798
:1060F00070B505460C4604212046FFF7A9F9206833
:1061000008B9012070BD50216268501C6060206891
:10611000815402216268501C6060206881542912F9
:106120006268501C6060206881546268501C606026
:10613000206885540020E5E701464878022801D010
:1061400001207047887820B9C8780A2801D100203A
:10615000F7E70120F5E770B505460C460421204617
:10616000FFF776F9206808B9012070BD62216268E6
:10617000501C60602068815402216268501C60607D
:106180002068815429126268501C60602068815424
:106190006268501C6060206885540020E5E7024674
:1061A0005078022801D0012070479078B0EB112F71
:1061B00005D1D078CBB2984201D10020F4E701207C
:1061C000F2E770B505460C4604212046FFF740F97A
:1061D000206808B9012070BD70216268501C6060A1
:1061E0002068815402216268501C606020688154DC
:1061F00029126268501C6060206881546268501CDB
:106200006060206885540020E5E701464878022850
:1062100001D001207047887820B9C8780A2801D1B8
:106220000020F7E70120F5E710B5044602212046DB
:10623000FFF70EF9206808B9012010BDC02162687F
:10624000501C60602068815400216268501C6060AE
:10625000206881540020F0E710B54FF400716F48BA
:1062600003F0A5F800206E49088010BD6C48008836
:1062700008B9012070476A4800886A49098888423D
:1062800003D1002066490880F4E765480088654925
:1062900008800120EEE72DE9F04104460D46C826AE
:1062A000204602F0DAFF87B23A4621465E48FCF704
:1062B0008FFB0FE0FFF7DAFF48B92946574802F095
:1062C00096FF20B1FFF7C8FF0020BDE8F0810A204B
:1062D000FCF796FA301EA6F10101CEB2EAD10120F8
:1062E000F3E730B589B004460D46FFF7B5FF2A46FF
:1062F0004EA101A802F0F6FD50A101A8FFF7CBFFC7
:1063000020B92A4621464848FCF762FB09B030BD57
:1063100070B50546002400BFFFF7A8FF80B948A16B
:106320003E4802F064FF044654B13A21204602F090
:1063300042FF044614B1641C204670BD0020FCE7F7
:106340000520FCF75DFA281EA5F101018DB2E3D10D
:1063500000BFF2E710B5FFF77FFF3BA13C48FCF719
:1063600050FB03E04FF4FA70FCF74AFA39A13AA067
:10637000FFF791FF0028F5D139A13548FCF741FB23
:1063800003E04FF4FA70FCF73BFA32A137A0FFF7B5
:1063900082FF0028F5D139A12D48FCF732FB03E03C
:1063A0004FF4FA70FCF72CFA2AA138A0FFF773FF1C
:1063B0000028F5D139A12648FCF723FB03E04FF470
:1063C000FA70FCF71DFA38A139A0FFF764FF002826
:1063D000F5D13FA11E48FCF714FB10BD10B540F2EB
:1063E00025511148FAF7A4FEB8B10D480088B0F560
:1063F000007F02D300200A4908800B48001D008856
:10640000C1B2074802880088401C054B1880034829
:10641000815420210448FAF782FE10BD6800002054
:106420005E000020600000200044004041542B43E7
:10643000495053454E443D25640D0A003E0000007E
:106440004950442C00000000312E2041540D0A0018
:10645000003801404F4B000041540D0A000000007D
:10646000322E2043574D4F44450D0A0041542B43D3
:10647000574D4F44453D310D0A000000332E204159
:10648000542B4357444843500D0A000041542B43BA
:1064900057444843503D312C310D0A00342E2043DF
:1064A000574A41500D0A0000474F54204950000000
:1064B00041542B43574A41503D2262616261222C74
:1064C000223838383838383838220D0A00000000B1
:1064D000352E204553503832363620496E697420A7
:1064E0004F4B0D0A000000002DE9F043BBB00646FB
:1064F000884615461F46DDF808910EB105B117B95B
:106500003BB0BDE8F083B9F1400F00DDF8E7402172
:106510002BA802F06EFF40211BA802F06AFF4A463A
:1065200039462BA802F0C4FE4A4639461BA802F0A1
:10653000BFFE00240CE02BA8005D80F036002BA9E4
:1065400008551BA8005D80F05C001BA90855641C61
:10655000402CF0DB01A800F040F901A800F057F949
:1065600040222BA901A800F0EAFD4246314601A8CD
:1065700000F0E5FD17A901A800F01FFE01A800F03A
:106580002CF901A800F043F940221BA901A800F052
:10659000D6FD102217A901A800F0D1FD17A901A866
:1065A00000F00BFE00240FE017A9095D081100F0B0
:1065B00084FE05F8140017A9085D00F07EFE012195
:1065C00001EB44016854641C102CEDDB00BF97E71D
:1065D0002DE9F043BDB00646884615461F46DDF856
:1065E00010910EB105B117B93DB0BDE8F083B9F116
:1065F000400F00DDF8E7402116A802F0FAFE402126
:1066000006A802F0F6FE4A46394616A802F050FEE9
:106610004A46394606A802F04BFE00240CE016A8B4
:10662000005D80F0360016A9085506A8005D80F0D0
:106630005C0006A90855641C402CF0DB26A800F07D
:1066400056FE26A800F06DFE402216A926A802F0EC
:106650000CFB4246314626A802F007FB01A926A8FA
:1066600002F041FB26A800F042FE26A800F059FEE9
:10667000402206A926A802F0F8FA142201A926A8A9
:1066800002F0F3FA01A926A802F02DFB00240FE086
:1066900001A9095D081100F010FE05F8140001A918
:1066A000085D00F00AFE012101EB44016854641CFE
:1066B000142CEDDB00BF97E72DE9F84305460F46A4
:1066C0000026B04674E0FF220421684602F067FE0F
:1066D000002409E03A480068005DA95D884201D1C4
:1066E0008DF80040601CC4B2402CF3DB00240AE0AB
:1066F00033480068015D701C285C814201D18DF82F
:106700000140601CC4B2402CF2DB00240AE02C489B
:106710000068015DB01C285C814201D18DF8024007
:10672000601CC4B2402CF2DB00240AE0244800685C
:10673000015DF01C285C814201D18DF80340601C92
:10674000C4B2402CF2DB9DF80000FC2101EA80007D
:106750009DF80110C1F301110843414608F10108F9
:106760007854B01C285C3D2800D124E09DF801003D
:10677000F02101EA00109DF80210C1F383010843E3
:10678000414608F101087854F01C285C3D2800D1EE
:1067900011E09DF80200F02101EA80109DF803103D
:1067A00001F03F010843414608F101087854361DC5
:1067B000A85D002887D100BF4046BDE8F8830000EF
:1067C0006400002010B5024602E0002302F8013BFD
:1067D0000B1EA1F10101F8D110BD10B504465821DE
:1067E000204602F006FE10BD10B5044604B910BDE7
:1067F00058212046FFF7E6FF00BFF8E770B50446D2
:106800000D4658222946204602F097FD70BD002112
:1068100001604160FE498160FE4AC260CA43026174
:10682000FC4AD24342617047F0B590B005460C4631
:106830002678677846EA0726A77846EA0746E77883
:1068400046EA076600962679677946EA0726A77919
:1068500046EA0746E77946EA07660196267A677AA6
:1068600046EA0726A77A46EA0746E77A46EA07662F
:106870000296267B677B46EA0726A77B46EA074601
:10688000E77B46EA07660396267C677C46EA07268E
:10689000A77C46EA0746E77C46EA07660496267D1B
:1068A000677D46EA0726A77D46EA0746E77D46EA72
:1068B00007660596267E677E46EA0726A77E46EA95
:1068C0000746E77E46EA07660696267F677F46EA22
:1068D0000726A77F46EA0746E77F46EA0766079648
:1068E00094F8206094F8217046EA072694F8227004
:1068F00046EA074694F8237046EA0766089694F835
:10690000246094F8257046EA072694F8267046EA33
:10691000074694F8277046EA0766099694F82860B7
:1069200094F8297046EA072694F82A7046EA074642
:1069300094F82B7046EA07660A9694F82C6094F84F
:106940002D7046EA072694F82E7046EA074694F81A
:106950002F7046EA07660B9694F8306094F8317011
:1069600046EA072694F8327046EA074694F83370F0
:1069700046EA07660C9694F8346094F8357046EA57
:10698000072694F8367046EA074694F8377046EAC8
:1069900007660D9694F8386094F8397046EA072631
:1069A00094F83A7046EA074694F83B7046EA076660
:1069B0000E9694F83C6094F83D7046EA072694F8E9
:1069C0003E7046EA074694F83F7046EA07660F961F
:1069D000A868E9682A696B6982EA03060E405E408E
:1069E000009F3E448C4F3E443044C60146EA506608
:1069F000701881EA020606405640019F3E44874FC8
:106A00003E4433441E0346EA1356331880EA010617
:106A10001E404E40029F3E44814F3E443244560445
:106A200046EAD236F21883EA000616404640039F33
:106A30003E447C4F3E4431448E0546EA9126B118CF
:106A400082EA03060E405E40049F3E44764F3E4479
:106A50003044C60146EA5066701881EA02060640D4
:106A60005640059F3E44714F3E4433441E0346EA60
:106A70001356331880EA01061E404E40069F3E44DE
:106A80006B4F3E443244560446EAD236F21883EA4B
:106A9000000616404640079F3E44664F3E44314440
:106AA0008E0546EA9126B11882EA03060E405E4042
:106AB000089F3E44604F3E443044C60146EA50665B
:106AC000701881EA020606405640099F3E445B4F1B
:106AD0003E4433441E0346EA1356331880EA010647
:106AE0001E404E400A9F3E44A6F524464F3E324487
:106AF000560446EAD236F21883EA000616404640AB
:106B00000B9F3E444E4F3E4431448E0546EA91264B
:106B1000B11882EA03060E405E400C9F3E44494F86
:106B20003E443044C60146EA5066701881EA0206C7
:106B3000064056400D9F3E44434F3E4433441E039F
:106B400046EA1356331880EA01061E404E400E9F57
:106B50003E443E4F3E443244560446EAD236F21892
:106B600083EA0006164046400F9F3E44384F3E449D
:106B700031448E0546EA9126B11881EA02061E408C
:106B80005640019F3E44334F3E443044460146EA5E
:106B9000D066701880EA010616404E40069F3E44BB
:106BA0002D4F3E4433445E0246EAD356331883EAFF
:106BB00000060E4046400B9F3E44284F3E44324460
:106BC000960346EA9246F21882EA030606405E40C1
:106BD000009F3E44224F3E4431440E0546EA1136A2
:106BE000B11881EA02061E405640059F3E441D4FE3
:106BF0003E443044460146EAD066701880EA0106F9
:106C000016404E400A9F3E44174F3E4433442DE009
:106C10000123456789ABCDEF78A46AD756B7C7E89B
:106C2000DB702024EECEBDC1AF0F7CF52AC68747AE
:106C3000134630A8019546FDD8988069AFF7448B7C
:106C4000BED75C892211906B937198FD8E4379A613
:106C50002108B44962251EF640B340C0515A5E2651
:106C6000AAC7B6E95D102FD6531444025E0246EA65
:106C7000D356331883EA00060E4046400F9F3E4429
:106C8000FE4F3E443244960346EA9246F21882EAA8
:106C9000030606405E40049F3E44F94F3E443144A3
:106CA0000E0546EA1136B11881EA02061E4056402A
:106CB000099F3E44F34F3E443044460146EAD066C5
:106CC000701880EA010616404E400E9F3E44EE4F7B
:106CD0003E4433445E0246EAD356331883EA000644
:106CE0000E404640039F3E44E84F3E4432449603E4
:106CF00046EA9246F21882EA030606405E40089F82
:106D00003E44E34F3E4431440E0546EA1136B11885
:106D100081EA02061E4056400D9F3E44DD4F3E4430
:106D20003044460146EAD066701880EA01061640F3
:106D30004E40029F3E44D84F3E4433445E0246EAF2
:106D4000D356331883EA00060E404640079F3E4460
:106D5000D24F3E443244960346EA9246F21882EA03
:106D6000030606405E400C9F3E44CD4F3E443144F6
:106D70000E0546EA1136B11881EA02065E40059F0B
:106D80003E44C84F3E443044060146EA107670182F
:106D900080EA01065640089F3E44C34F3E443344B8
:106DA000DE0246EA5356331883EA00064E400B9F34
:106DB0003E44BE4F3E443244160446EA1246F218A0
:106DC00082EA030646400E9F3E44B94F3E4431449A
:106DD000CE0546EA5126B11881EA02065E40019FBF
:106DE0003E44B44F3E443044060146EA10767018E3
:106DF00080EA01065640049F3E44AF4F3E44334470
:106E0000DE0246EA5356331883EA00064E40079FD7
:106E10003E44AA4F3E443244160446EA1246F21853
:106E200082EA030646400A9F3E44A54F3E44314451
:106E3000CE0546EA5126B11881EA02065E400D9F52
:106E40003E44A04F3E443044060146EA1076701896
:106E500080EA01065640009F3E449B4F3E44334427
:106E6000DE0246EA5356331883EA00064E40039F7B
:106E70003E44964F3E443244160446EA1246F21807
:106E800082EA03064640069F3E44914F3E44314409
:106E9000CE0546EA5126B11881EA02065E40099FF6
:106EA0003E448C4F3E443044060146EA107670184A
:106EB00080EA010656400C9F3E44874F3E443344CF
:106EC000DE0246EA5356331883EA00064E400F9F0F
:106ED0003E44824F3E443244160446EA1246F218BB
:106EE00082EA03064640029F3E447D4F3E443144C1
:106EF000CE0546EA5126B11861EA03065640009FC6
:106F00003E44784F3E443044860146EA906670180D
:106F100060EA02064E40079F3E44734F3E443344AE
:106F20009E0246EA9356331863EA010646400E9FD6
:106F30003E446E4F3E443244D60346EA5246F2186F
:106F400062EA00065E40059F3E44694F3E4431447C
:106F50004E0546EAD126B11861EA030656400C9F59
:106F60003E44644F3E443044860146EA90667018C1
:106F700060EA02064E40039F3E445F4F3E44334466
:106F80009E0246EA9356331863EA010646400A9F7A
:106F90003E445A4F3E443244D60346EA5246F21823
:106FA00062EA00065E40019F3E44554F3E44314434
:106FB0004E0546EAD126B11861EA03065640089FFD
:106FC0003E44504F3E443044860146EA9066701875
:106FD00060EA02064E400F9F3E444B4F3E4433440E
:106FE0009E0246EA9356331863EA01064640069F1E
:106FF0003E44464F3E443244D60346EA5246F218D7
:1070000062EA00065E400D9F3E44414F3E443144DB
:107010004E0546EAD126B11861EA03065640049FA0
:107020003E443C4F3E443044860146EA9066701828
:1070300060EA02064E400B9F3E44374F3E443344C5
:107040009E0246EA9356331863EA01064640029FC1
:107050003E44324F3E443244D60346EA5246F2188A
:1070600062EA00065E40099F3E442D4F3E44314493
:107070004E0546EAD126B118AE6853E081E6A1D8A4
:10708000C8FBD3E7E6CDE121D60737C3870DD5F49A
:10709000ED145A4505E9E3A9F8A3EFFCD9026F679F
:1070A0008A4C2A8D4239FAFF81F6718722619D6DE3
:1070B0000C38E5FD44EABEA4A9CFDE4B604BBBF61D
:1070C00070BCBFBEC67E9B28FA27A1EA8530EFD4EC
:1070D000051D880439D0D4D9E599DBE6F87CA21FD8
:1070E0006556ACC4442229F497FF2A43A72394ABE6
:1070F00039A093FCC3595B6592CC0C8F7DF4EFFFF4
:10710000D15D84854F7EA86FE0E62CFE144301A379
:10711000A111084E827E53F735F23ABDBBD2D72A71
:1071200091D386EB0644AE60EE687718EF602E6967
:10713000B7182F616E69F7186F6110B0F0BD2DE9B7
:10714000F0410446884615460DB9BDE8F081207827
:1071500000F03F07C7F140062068284420602068FF
:1071600020602068A84202D26068401C606087B13D
:10717000B5420ED304F11801C8193246414602F057
:1071800097F804F118012046FFF74EFBB044AD1B01
:10719000002706E041462046FFF746FB08F140087D
:1071A000403D402DF6D235B104F11801C8192A46E8
:1071B000414602F07DF800BFC7E72DE9FC470446D1
:1071C0000D462068400F616840EAC1062068C7008C
:1071D000F8B28DF80000380A8DF80100380C8DF8EF
:1071E0000200380E8DF80300F0B28DF80400300A6A
:1071F0008DF80500300C8DF80600300E8DF8070074
:10720000207800F03F08B8F1380F02D2C8F13800FA
:1072100001E0C8F1780081464A462E492046FFF732
:107220008EFF082269462046FFF789FF207A2870E2
:107230002089000A6870A068000CA870A068000E81
:10724000E870207B2871A089000A6871E068000C52
:10725000A871E068000EE871207C2872208A000A7C
:1072600068722069000CA8722069000EE872207D07
:107270002873A08A000A68736069000CA8736069AB
:10728000000EE873BDE8FC8770B596B004460D4665
:1072900016466846FFF7A1FA6846FFF7B8FA2A468D
:1072A00021466846FFF74BFF31466846FFF785FFEA
:1072B0006846FFF799FA16B070BD014601F00F015C
:1072C0000A2902DA01F1300001E001F1570040B271
:1072D000704700006EDD000810B5024602E0002392
:1072E00002F8013B0B1EA1F10101F8D110BD10B550
:1072F00004465C21204602F07CF810BD10B504461F
:1073000004B910BD5C212046FFF7E6FF00BFF8E797
:1073100070B504460D465C222946204602F00DF861
:1073200070BD002101604160FE498160FE4AC2607B
:10733000CA430261FC4AD2434261FC4A82617047FF
:107340002DE9F04390B007460E4696F800C04FEA8C
:107350000C6C96F801804CEA084C96F802804CEAD6
:10736000082C96F803804CEA080CCDF800C096F87B
:1073700004C04FEA0C6C96F805804CEA084C96F86D
:1073800006804CEA082C96F807804CEA080CCDF8E9
:1073900004C096F808C04FEA0C6C96F809804CEAD5
:1073A000084C96F80A804CEA082C96F80B804CEAB8
:1073B000080CCDF808C096F80CC04FEA0C6C96F893
:1073C0000D804CEA084C96F80E804CEA082C96F892
:1073D0000F804CEA080CCDF80CC096F810C04FEAAC
:1073E0000C6C96F811804CEA084C96F812804CEA26
:1073F000082C96F813804CEA080CCDF810C096F8CB
:1074000014C04FEA0C6C96F815804CEA084C96F8BC
:1074100016804CEA082C96F817804CEA080CCDF838
:1074200014C096F818C04FEA0C6C96F819804CEA14
:10743000084C96F81A804CEA082C96F81B804CEA07
:10744000080CCDF818C096F81CC04FEA0C6C96F8E2
:107450001D804CEA084C96F81E804CEA082C96F8E1
:107460001F804CEA080CCDF81CC096F820C04FEAEB
:107470000C6C96F821804CEA084C96F822804CEA75
:10748000082C96F823804CEA080CCDF820C096F81A
:1074900024C04FEA0C6C96F825804CEA084C96F80C
:1074A00026804CEA082C96F827804CEA080CCDF888
:1074B00024C096F828C04FEA0C6C96F829804CEA54
:1074C000084C96F82A804CEA082C96F82B804CEA57
:1074D000080CCDF828C096F82CC04FEA0C6C96F832
:1074E0002D804CEA084C96F82E804CEA082C96F831
:1074F0002F804CEA080CCDF82CC096F830C04FEA2B
:107500000C6C96F831804CEA084C96F832804CEAC4
:10751000082C96F833804CEA080CCDF830C096F869
:1075200034C04FEA0C6C96F835804CEA084C96F85B
:1075300036804CEA082C96F837804CEA080CCDF8D7
:1075400034C096F838C04FEA0C6C96F839804CEA93
:10755000084C96F83A804CEA082C96F83B804CEAA6
:10756000080CCDF838C096F83CC04FEA0C6C96F881
:107570003D804CEA084C96F83E804CEA082C96F880
:107580003F804CEA080CCDF83CC0B868F9683A690D
:107590007B69BC694FEA401C4CEAD06882EA030C64
:1075A0000CEA010C8CEA030CC444DFF88481C44467
:1075B000DDF80080C44464444FEA817C4CEA9101C8
:1075C0004FEA441C4CEAD46881EA020C0CEA000C35
:1075D0008CEA020CC444DFF85881C444DDF804800E
:1075E000C44463444FEA807C4CEA90004FEA431C59
:1075F0004CEAD36880EA010C0CEA040C8CEA010C1A
:10760000C444DFF82C81C444DDF80880C4446244DB
:107610004FEA847C4CEA94044FEA421C4CEAD2685C
:1076200084EA000C0CEA030C8CEA000CC444DFF87A
:107630000081C444DDF80C80C44461444FEA837C7B
:107640004CEA93034FEA411C4CEAD16883EA040CEC
:107650000CEA020C8CEA040CC444DFF8D480C44465
:10766000DDF81080C44460444FEA827C4CEA920208
:107670004FEA401C4CEAD06882EA030C0CEA010C89
:107680008CEA030CC444DFF8A880C444DDF81480FD
:10769000C44464444FEA817C4CEA91014FEA441CA3
:1076A0004CEAD46881EA020C0CEA000C8CEA020C69
:1076B000C444DFF87C80C444DDF81880C4446344CB
:1076C0004FEA807C4CEA90004FEA431C4CEAD368B6
:1076D00080EA010C0CEA040C8CEA010CC444DFF8CB
:1076E0005080C444DDF81C80C44462444FEA847C6A
:1076F0004CEA94044FEA421C4CEAD26884EA000C3B
:107700000CEA030C8CEA000CC444DFF82480C44467
:10771000DDF82080C44461444FEA837C4CEA930343
:1077200008E000000123456789ABCDEFF0E1D2C34B
:107730009979825A4FEA411C4CEAD16883EA040CD9
:107740000CEA020C8CEA040CC444DFF8F88FC44441
:10775000DDF82480C44460444FEA827C4CEA920203
:107760004FEA401C4CEAD06882EA030C0CEA010C98
:107770008CEA030CC444DFF8CC8FC444DDF82880C5
:10778000C44464444FEA817C4CEA91014FEA441CB2
:107790004CEAD46881EA020C0CEA000C8CEA020C78
:1077A000C444DFF8A08FC444DDF82C80C444634493
:1077B0004FEA807C4CEA90004FEA431C4CEAD368C5
:1077C00080EA010C0CEA040C8CEA010CC444DFF8DA
:1077D000748FC444DDF83080C44462444FEA847C32
:1077E0004CEA94044FEA421C4CEAD26884EA000C4A
:1077F0000CEA030C8CEA000CC444DFF8488FC44444
:10780000DDF83480C44461444FEA837C4CEA93033E
:107810004FEA411C4CEAD16883EA040C0CEA020CE2
:107820008CEA040CC444DFF81C8FC444DDF83880B3
:10783000C44460444FEA827C4CEA92024FEA401C06
:107840004CEAD06882EA030C0CEA010C8CEA030CC7
:10785000C444DFF8F08EC444DDF83C80C444644482
:107860004FEA817C4CEA9101DDF834C0DDF82080DC
:107870008CEA080CDDF808808CEA080CDDF8008042
:107880008CEA08054FEA450C4CEAD5784FEA441CCF
:107890004CEAD46981EA020C0CEA000C8CEA020C76
:1078A000CC44DFF8A09ECC44C4446344CDF80080AF
:1078B0004FEA807C4CEA9000DDF838C0DDF8248087
:1078C0008CEA080CDDF80C808CEA080CDDF80480EA
:1078D0008CEA08054FEA450C4CEAD5784FEA431C80
:1078E0004CEAD36980EA010C0CEA040C8CEA010C26
:1078F000CC44DFF8509ECC44C4446244CDF80480AC
:107900004FEA847C4CEA9404DDF83CC0DDF8288022
:107910008CEA080CDDF810808CEA080CDDF8088091
:107920008CEA08054FEA450C4CEAD5784FEA421C30
:107930004CEAD26984EA000C0CEA030C8CEA000CD5
:10794000CC44DFF8009ECC44C4446144CDF80880A8
:107950004FEA837C4CEA9303DDF800C0DDF82C800D
:107960008CEA080CDDF814808CEA080CDDF80C8039
:107970008CEA08054FEA450C4CEAD5784FEA411CE1
:107980004CEAD16983EA040C0CEA020C8CEA040C80
:10799000CC44DFF8B09DCC44C4446044CDF80C80A6
:1079A0004FEA827C4CEA9202DDF804C0DDF83080B8
:1079B0008CEA080CDDF818808CEA080CDDF81080E1
:1079C0008CEA08054FEA450C4CEAD5784FEA401C92
:1079D0004CEAD06981EA020C8CEA030CCC44DFF853
:1079E000689DCC44C4446444CDF810804FEA817C47
:1079F0004CEA9101DDF808C0DDF834808CEA080C0F
:107A0000DDF81C808CEA080CDDF814808CEA08058F
:107A10004FEA450C4CEAD5784FEA441C4CEAD4694D
:107A200080EA010C8CEA020CCC44DFF81C9DCC44AB
:107A3000C4446344CDF814804FEA807C4CEA900043
:107A4000DDF80CC0DDF838808CEA080CDDF8208009
:107A50008CEA080CDDF818808CEA08054FEA450C22
:107A60004CEAD5784FEA431C4CEAD36984EA000C0F
:107A70008CEA010CCC44DFF8D09CCC44C444624472
:107A8000CDF818804FEA847C4CEA9404DDF810C0ED
:107A9000DDF83C808CEA080CDDF824808CEA080CC8
:107AA000DDF81C808CEA08054FEA450C4CEAD578D5
:107AB0004FEA421C4CEAD26983EA040C8CEA000CBF
:107AC000CC44DFF8849CCC44C4446144CDF81C8091
:107AD0004FEA837C4CEA9303DDF814C0DDF80080A4
:107AE0008CEA080CDDF828808CEA080CDDF8208090
:107AF0008CEA08054FEA450C4CEAD5784FEA411C60
:107B00004CEAD16982EA030C8CEA040CCC44DFF81D
:107B1000389CCC44C4446044CDF820804FEA827C39
:107B20004CEA9202DDF818C0DDF804808CEA080CFB
:107B3000DDF82C808CEA080CDDF824808CEA08053E
:107B40004FEA450C4CEAD5784FEA401C4CEAD06924
:107B500081EA020C8CEA030CCC44DFF8EC9BCC44A9
:107B6000C4446444CDF824804FEA817C4CEA9101FE
:107B7000DDF81CC0DDF808808CEA080CDDF83080E8
:107B80008CEA080CDDF828808CEA08054FEA450CE1
:107B90004CEAD5784FEA441C4CEAD46980EA010CDF
:107BA0008CEA020CCC44DFF8A09BCC44C444634470
:107BB000CDF828804FEA807C4CEA9000DDF820C0A8
:107BC000DDF80C808CEA080CDDF834808CEA080CB7
:107BD000DDF82C808CEA08054FEA450C4CEAD57894
:107BE0004FEA431C4CEAD36984EA000C8CEA010C8E
:107BF000CC44DFF8549BCC44C4446244CDF82C8080
:107C00004FEA847C4CEA9404DDF824C0DDF810804F
:107C10008CEA080CDDF838808CEA080CDDF830803E
:107C20008CEA08054FEA450C4CEAD5784FEA421C2D
:107C30004CEAD26983EA040C8CEA000CCC44DFF8ED
:107C4000089BCC44C4446144CDF830804FEA837C27
:107C50004CEA9303DDF828C0DDF814808CEA080CA8
:107C6000DDF83C808CEA080CDDF834808CEA0805ED
:107C70004FEA450C4CEAD5784FEA411C4CEAD169F1
:107C800082EA030C8CEA040CCC44DFF8BC9ACC44A6
:107C9000C4446044CDF834804FEA827C4CEA9202BE
:107CA000DDF82CC0DDF818808CEA080CDDF80080C7
:107CB0008CEA080CDDF838808CEA08054FEA450CA0
:107CC0004CEAD5784FEA401C4CEAD06981EA020CB4
:107CD0008CEA030CCC44DFF8709ACC44C44464446E
:107CE000CDF838804FEA817C4CEA9101DDF830C054
:107CF000DDF81C808CEA080CDDF804808CEA080CA6
:107D0000DDF83C808CEA08054FEA450C4CEAD57852
:107D10004FEA441C4CEAD46980EA010C8CEA020C5C
:107D2000CC44DFF8249ACC44C4446344CDF83C806E
:107D30004FEA807C4CEA9000DDF834C0DDF820800A
:107D40008CEA080CDDF808808CEA080CDDF800806D
:107D50008CEA08054FEA450C4CEAD5784FEA431CFB
:107D60004CEAD36984EA000C8CEA010CCC44DFF8BD
:107D7000D899CC44C4446244CDF800804FEA847C56
:107D80004CEA9404DDF838C0DDF824808CEA080C55
:107D9000DDF80C808CEA080CDDF804808CEA08051C
:107DA0004FEA450C4CEAD5784FEA421C4CEAD269BE
:107DB00083EA040C8CEA000CCC44DFF88C99CC44A8
:107DC000C4446144CDF804804FEA837C4CEA9303B9
:107DD000DDF83CC0DDF828808CEA080CDDF8108066
:107DE0008CEA080CDDF808808CEA08054FEA450C9F
:107DF0004CEAD5784FEA411C4CEAD16982EA030C7F
:107E00008CEA040CCC44DFF84099CC44C444604470
:107E1000CDF808804FEA827C4CEA9202DDF800C07F
:107E2000DDF82C808CEA080CDDF814808CEA080C54
:107E3000DDF80C808CEA08054FEA450C4CEAD57851
:107E40004FEA401C4CEAD06981EA020C8CEA030C30
:107E5000CC44DFF8F498CC44C4446444CDF80C809E
:107E60004FEA817C4CEA9101DDF804C0DDF83080F6
:107E70008CEA080CDDF818808CEA080CDDF810801C
:107E80008CEA08054FEA450C4CEAD5784FEA441CC9
:107E90004CEAD46980EA010C8CEA020CCC44DFF88D
:107EA000A898CC44C4446344CDF810804FEA807C49
:107EB0004CEA9000DDF808C0DDF834808CEA080C4C
:107EC000DDF81C808CEA080CDDF814808CEA0805CB
:107ED0004FEA450C4CEAD5784FEA431C4CEAD3698B
:107EE00084EA000C8CEA010CCC44DFF85C98CC44AA
:107EF000C4446244CDF814804FEA847C4CEA940474
:107F0000DDF80CC0DDF838808CEA080CDDF8208044
:107F10008CEA080CDDF818808CEA08054FEA450C5D
:107F20004CEAD5784FEA421C4CEAD26983EA040C49
:107F30008CEA000CCC44DFF81098CC44C444614473
:107F4000CDF818804FEA837C4CEA9303DDF810C02B
:107F5000DDF83C808CEA080CDDF824808CEA080C03
:107F6000DDF81C808CEA08054FEA450C4CEAD57810
:107F70004FEA411C4CEAD16982EA030C8CEA040CFA
:107F8000CC44DFF8C497CC44C4446044CDF81C8092
:107F90004FEA827C4CEA92024FEA401C4CEAD069DC
:107FA00001EA020C41EA020808EA03084CEA080C5C
:107FB000CC44DFF89887E044DDF814C0DDF8009089
:107FC0008CEA090CDDF828908CEA090CDDF8209089
:107FD0008CEA09054FEA450C4CEAD57CCDF820C067
:107FE000C44464444FEA817C4CEA91014FEA441C4A
:107FF0004CEAD46900EA010C40EA010808EA0208E8
:108000004CEA080CCC44DFF84487E044DDF818C0A3
:10801000DDF804908CEA090CDDF82C908CEA090C50
:10802000DDF824908CEA09054FEA450C4CEAD57C32
:10803000CDF824C0C44463444FEA807C4CEA9000ED
:108040004FEA431C4CEAD36904EA000C44EA0008F6
:1080500008EA01084CEA080CCC44DFF8F086E0445A
:10806000DDF81CC0DDF808908CEA090CDDF83090D2
:108070008CEA090CDDF828908CEA09054FEA450CDA
:108080004CEAD57CCDF828C0C44462444FEA847CD5
:108090004CEA94044FEA421C4CEAD26903EA040C0D
:1080A00043EA040808EA00084CEA080CCC44DFF86C
:1080B0009C86E044DDF820C0DDF80C908CEA090CC9
:1080C000DDF834908CEA090CDDF82C908CEA090577
:1080D0004FEA450C4CEAD57CCDF82CC0C444614431
:1080E0004FEA837C4CEA93034FEA411C4CEAD16986
:1080F00002EA030C42EA030808EA04084CEA080C06
:10810000CC44DFF84886E044DDF824C0DDF8109068
:108110008CEA090CDDF838908CEA090CDDF8309017
:108120008CEA09054FEA450C4CEAD57CCDF830C005
:10813000C44460444FEA827C4CEA92024FEA401CFD
:108140004CEAD06901EA020C41EA020808EA030895
:108150004CEA080CCC44DFF8F485E044DDF828C094
:10816000DDF814908CEA090CDDF83C908CEA090CDF
:10817000DDF834908CEA09054FEA450C4CEAD57CD1
:10818000CDF834C0C44464444FEA817C4CEA910188
:108190004FEA441C4CEAD46900EA010C40EA0108A9
:1081A00008EA02084CEA080CCC44DFF8A085E04459
:1081B000DDF82CC0DDF818908CEA090CDDF8009091
:1081C0008CEA090CDDF838908CEA09054FEA450C79
:1081D0004CEAD57CCDF838C0C44463444FEA807C77
:1081E0004CEA90004FEA431C4CEAD36904EA000CC5
:1081F00044EA000808EA01084CEA080CCC44DFF81D
:108200004C85E044DDF830C0DDF81C908CEA090CA8
:10821000DDF804908CEA090CDDF83C908CEA090545
:108220004FEA450C4CEAD57CCDF83CC0C4446244CE
:108230004FEA847C4CEA94044FEA421C4CEAD2692F
:1082400003EA040C43EA040808EA00084CEA080CB4
:10825000CC44DFF8F884E044DDF834C0DDF8209049
:108260008CEA090CDDF808908CEA090CDDF8009026
:108270008CEA09054FEA450C4CEAD57CCDF800C0E4
:10828000C44461444FEA837C4CEA93034FEA411CA7
:108290004CEAD16902EA030C42EA030808EA04083E
:1082A0004CEA080CCC44DFF8A484E044DDF838C084
:1082B000DDF824908CEA090CDDF80C908CEA090CAE
:1082C000DDF804908CEA09054FEA450C4CEAD57CB0
:1082D000CDF804C0C44460444FEA827C4CEA920268
:1082E0004FEA401C4CEAD06901EA020C41EA02085C
:1082F00008EA03084CEA080CCC44DFF85084E04458
:10830000DDF83CC0DDF828908CEA090CDDF810900F
:108310008CEA090CDDF808908CEA09054FEA450C57
:108320004CEAD57CCDF808C0C44464444FEA817C53
:108330004CEA91014FEA441C4CEAD46900EA010C72
:1083400040EA010808EA02084CEA080CCC44DFF8CD
:10835000FC83E044DDF800C0DDF82C908CEA090CC9
:10836000DDF814908CEA090CDDF80C908CEA090514
:108370004FEA450C4CEAD57CCDF80CC0C4446344AC
:108380004FEA807C4CEA90004FEA431C4CEAD369E8
:1083900004EA000C44EA000808EA01084CEA080C68
:1083A000CC44DFF8A883E044DDF804C0DDF8309069
:1083B0008CEA090CDDF818908CEA090CDDF81090B5
:1083C0008CEA09054FEA450C4CEAD57CCDF810C083
:1083D000C44462444FEA847C4CEA94044FEA421C51
:1083E0004CEAD26903EA040C43EA040808EA0008EC
:1083F0004CEA080CCC44DFF85483E044DDF808C0B4
:10840000DDF834908CEA090CDDF81C908CEA090C3C
:10841000DDF814908CEA09054FEA450C4CEAD57C4E
:10842000CDF814C0C44461444FEA837C4CEA930302
:108430004FEA411C4CEAD16902EA030C42EA030804
:1084400008EA04084CEA080CCC44DFF80083E04456
:10845000DDF80CC0DDF838908CEA090CDDF82090CE
:108460008CEA090CDDF818908CEA09054FEA450CF6
:108470004CEAD57CCDF818C0C44460444FEA827CF5
:108480004CEA92024FEA401C4CEAD06901EA020C25
:1084900041EA020808EA03084CEA080CCC44DFF879
:1084A000AC82E044DDF810C0DDF83C908CEA090CA9
:1084B000DDF824908CEA090CDDF81C908CEA0905A3
:1084C0004FEA450C4CEAD57CCDF81CC0C44464444A
:1084D0004FEA817C4CEA91014FEA441C4CEAD46992
:1084E00000EA010C40EA010808EA02084CEA080C1C
:1084F000CC44DFF85882E044DDF814C0DDF8009089
:108500008CEA090CDDF828908CEA090CDDF8209043
:108510008CEA09054FEA450C4CEAD57CCDF820C021
:10852000C44463444FEA807C4CEA90004FEA431C09
:108530004CEAD36904EA000C44EA000808EA01089E
:108540004CEA080CCC44DFF80482E044DDF818C0A3
:10855000DDF804908CEA090CDDF82C908CEA090C0B
:10856000DDF824908CEA09054FEA450C4CEAD57CED
:10857000CDF824C0C44462444FEA847C4CEA94049D
:108580004FEA421C4CEAD26903EA040C43EA0408AD
:1085900008EA00084CEA080CCC44DFF8B081E0445B
:1085A000DDF81CC0DDF808908CEA090CDDF830908D
:1085B0008CEA090CDDF828908CEA09054FEA450C95
:1085C0004CEAD57CCDF828C0C44461444FEA837C92
:1085D0004CEA93034FEA411C4CEAD16902EA030CCE
:1085E00042EA030808EA04084CEA080CCC44DFF825
:1085F0005C81E044DDF820C0DDF80C908CEA090CC9
:10860000DDF834908CEA090CDDF82C908CEA090531
:108610004FEA450C4CEAD57CCDF82CC0C4446044EC
:108620004FEA827C4CEA9202DDF824C0DDF810802B
:108630008CEA080CDDF838808CEA080CDDF8308014
:108640008CEA08054FEA450C4CEAD5784FEA401C05
:108650004CEAD06981EA020C8CEA030CCC44DFF8C6
:10866000F090CC44C4446444CDF830804FEA817C1F
:108670004CEA9101DDF828C0DDF814808CEA080C82
:10868000DDF83C808CEA080CDDF834808CEA0805C3
:108690004FEA450C4CEAD5784FEA441C4CEAD469C1
:1086A00080EA010C8CEA020CCC44DFF8A490CC44A4
:1086B000C4446344CDF834804FEA807C4CEA900097
:1086C000DDF82CC0DDF818808CEA080CDDF800809D
:1086D0008CEA080CDDF838808CEA08054FEA450C76
:1086E0004CEAD5784FEA431C4CEAD36984EA000C83
:1086F0008CEA010CCC44DFF85890CC44C44462446A
:10870000CDF838804FEA847C4CEA9404DDF830C020
:10871000DDF81C808CEA080CDDF804808CEA080C7B
:10872000DDF83C808CEA08054FEA450C4CEAD57828
:108730004FEA421C4CEAD26983EA040C8CEA000C32
:10874000CC4407E09979825AA1EBD96EDCBC1B8F2F
:10875000D6C162CADFF8A496CC44C4446144CDF8C3
:108760003C804FEA837C4CEA9303DDF834C0DDF8AB
:1087700020808CEA080CDDF808808CEA080CDDF813
:1087800000808CEA08054FEA450C4CEAD5784FEAA0
:10879000411C4CEAD16982EA030C8CEA040CCC44FB
:1087A000DFF85896CC44C4446044CDF800804FEACA
:1087B000827C4CEA9202DDF838C0DDF824808CEA35
:1087C000080CDDF80C808CEA080CDDF804808CEADB
:1087D00008054FEA450C4CEAD5784FEA401C4CEAB4
:1087E000D06981EA020C8CEA030CCC44DFF80C96C9
:1087F000CC44C4446444CDF804804FEA817C4CEA04
:108800009101DDF83CC0DDF828808CEA080CDDF829
:1088100010808CEA080CDDF808808CEA08054FEA25
:10882000450C4CEAD5784FEA441C4CEAD46980EAFE
:10883000010C8CEA020CCC44DFF8C095CC44C44453
:108840006344CDF808804FEA807C4CEA9000DDF864
:1088500000C0DDF82C808CEA080CDDF814808CEA6E
:10886000080CDDF80C808CEA08054FEA450C4CEA50
:10887000D5784FEA431C4CEAD36984EA000C8CEAB1
:10888000010CCC44DFF87495CC44C4446244CDF868
:108890000C804FEA847C4CEA9404DDF804C0DDF8D7
:1088A00030808CEA080CDDF818808CEA080CDDF8C2
:1088B00010808CEA08054FEA450C4CEAD5784FEA5F
:1088C000421C4CEAD26983EA040C8CEA000CCC44CA
:1088D000DFF82895CC44C4446144CDF810804FEAB9
:1088E000837C4CEA9303DDF808C0DDF834808CEA21
:1088F000080CDDF81C808CEA080CDDF814808CEA8A
:1089000008054FEA450C4CEAD5784FEA411C4CEA81
:10891000D16982EA030C8CEA040CCC44DFF8DC94C5
:10892000CC44C4446044CDF814804FEA827C4CEAC5
:108930009202DDF80CC0DDF838808CEA080CDDF816
:1089400020808CEA080CDDF818808CEA08054FEAD4
:10895000450C4CEAD5784FEA401C4CEAD06981EAD4
:10896000020C8CEA030CCC44DFF89094CC44C44451
:108970006444CDF818804FEA817C4CEA9101DDF81F
:1089800010C0DDF83C808CEA080CDDF824808CEA0D
:10899000080CDDF81C808CEA08054FEA450C4CEA0F
:1089A000D5784FEA441C4CEAD46980EA010C8CEA81
:1089B000020CCC44DFF84494CC44C4446344CDF866
:1089C0001C804FEA807C4CEA9000DDF814C0DDF892
:1089D00000808CEA080CDDF828808CEA080CDDF8B1
:1089E00020808CEA08054FEA450C4CEAD5784FEA1E
:1089F000431C4CEAD36984EA000C8CEA010CCC4499
:108A0000DFF8F893CC44C4446244CDF820804FEAA8
:108A1000847C4CEA9404DDF818C0DDF804808CEA0C
:108A2000080CDDF82C808CEA080CDDF824808CEA38
:108A300008054FEA450C4CEAD5784FEA421C4CEA4F
:108A4000D26983EA040C8CEA000CCC44DFF8AC93C6
:108A5000CC44C4446144CDF824804FEA837C4CEA82
:108A60009303DDF81CC0DDF808808CEA080CDDF803
:108A700030808CEA080CDDF828808CEA08054FEA83
:108A8000450C4CEAD5784FEA411C4CEAD16982EAA0
:108A9000030C8CEA040CCC44DFF86093CC44C4444F
:108AA0006044CDF828804FEA827C4CEA9202DDF8DF
:108AB00020C0DDF80C808CEA080CDDF834808CEAEC
:108AC000080CDDF82C808CEA08054FEA450C4CEACE
:108AD000D5784FEA401C4CEAD06981EA020C8CEA56
:108AE000030CCC44DFF81493CC44C4446444CDF864
:108AF0002C804FEA817C4CEA9101DDF824C0DDF83E
:108B000010808CEA080CDDF838808CEA080CDDF85F
:108B100030808CEA08054FEA450C4CEAD5784FEADC
:108B2000441C4CEAD46980EA010C8CEA020CCC4467
:108B3000DFF8C892CC44C4446344CDF830804FEA97
:108B4000807C4CEA9000DDF828C0DDF814808CEAC7
:108B5000080CDDF83C808CEA080CDDF834808CEAE7
:108B600008054FEA450C4CEAD5784FEA431C4CEA1D
:108B7000D36984EA000C8CEA010CCC44DFF87C92C7
:108B8000CC44C4446244CDF834804FEA847C4CEA3F
:108B90009404DDF82CC0DDF818808CEA080CDDF8B0
:108BA00000808CEA080CDDF838808CEA08054FEA72
:108BB000450C4CEAD5784FEA421C4CEAD26983EA6C
:108BC000040C8CEA000CCC44DFF83092CC44C44452
:108BD0006144CDF838804FEA837C4CEA9303DDF89A
:108BE00030C0DDF81C808CEA080CDDF804808CEACB
:108BF000080CDDF83C808CEA08054FEA450C4CEA8D
:108C0000D5784FEA411C4CEAD16982EA030C8CEA20
:108C1000040CCC44DFF8E491CC44C4446044CDF867
:108C20003C804FEA827C4CEA9202D7F808C0844428
:108C3000C7F808C0D7F80CC00CEB0108C7F80C80C7
:108C4000D7F810C00CEB0208C7F81080D7F814C092
:108C50000CEB0308C7F81480D7F818C00CEB040815
:108C6000C7F8188010B0BDE8F0832DE9F041044644
:108C7000884615460DB9BDE8F081207800F03F0721
:108C8000C7F14006206828442060206820602068E2
:108C9000A84202D26068401C606087B1B5420ED322
:108CA00004F11C01C8193246414600F001FB04F1F1
:108CB0001C012046FEF744FBB044AD1B002706E034
:108CC00041462046FEF73CFB08F14008403D402D60
:108CD000F6D235B104F11C01C8192A46414600F00C
:108CE000E7FA00BFC7E72DE9FC4704460D462068B8
:108CF000400F616840EAC1062068C700300E8DF859
:108D00000000300C8DF80100300A8DF80200F0B23E
:108D10008DF80300380E8DF80400380C8DF805002E
:108D2000380A8DF80600F8B28DF80700207800F0B8
:108D30003F08B8F1380F02D2C8F1380001E0C8F19D
:108D4000780081464A462E492046FFF78EFF0822CA
:108D500069462046FFF789FFA068000E2870A068CA
:108D6000000C68702089000AA870207AE870E0681A
:108D7000000E2871E068000C6871A089000AA871D3
:108D8000207BE8712069000E28722069000C68724F
:108D9000208A000AA872207CE8726069000E28739D
:108DA0006069000C6873A08A000AA873207DE873CC
:108DB000A069000E2874A069000C6874208B000A5A
:108DC000A874207EE874BDE8FC8770B598B00446AE
:108DD0000D46164601A8FEF78AFA01A8FEF7A1FA89
:108DE0002A46214601A8FFF740FF314601A8FFF7B8
:108DF0007AFF01A8FEF782FA18B070BDD6C162CA28
:108E0000AEDD000870B5064600F01EFB056806F1F1
:108E10000B0020F00704B4429CBF002070BD2B461D
:108E20006A68BAB11068A04210D304F10801884200
:108E30003CBF5068586007D35168101941601168F1
:108E4000091B016058601460101D70BD1346526804
:108E5000002AE7D12146284600F002FB0028DED197
:108E600070BD70B50446051F00F0EEFA0068002CD6
:108E700014BF446870BD002C18BFAC423CBF2046F4
:108E80006468F8D301680A18AA4218BF456003D184
:108E90002A6805461144016028684119A1421CBF97
:108EA0006C6070BD6168696021680844286070BDAD
:108EB0007CB51D4616460C00009001D02044401E93
:108EC000074B7B442A4669460190304600F0CBFDB3
:108ED00005461CB10020694600F0D8FD28467CBD3F
:108EE000D10B00000FB41CB5084B06AA7B446946A1
:108EF0000090059800F0B7FD04460020694600F098
:108F0000C5FD20461CBC5DF814FB00009D0B000055
:108F10000FB47CB50C0009AA009001D02044401E7B
:108F2000084B7B4469460190089800F09CFD05467B
:108F30001CB10020694600F0A9FD28467CBC5DF804
:108F400014FB0000710B000070B50C460546012AA9
:108F500005D02878800600D5EA69002302E00123C5
:108F600005E05B1C934202D2E05C0028F9D1A869BD
:108F7000E618C01AA861286A18442862284600F03A
:108F8000B9FA04E0D5E9012114F8010B9047B44285
:108F9000F8D3284600F0C4FA70BD00002DE9F04176
:108FA0000646002410687529314616A510D000F039
:108FB000C8FA002802DA404213A507E031688A07A0
:108FC00001D512A502E0490704D511A5012401E04D
:108FD00000F0C0FA00210A2206F1240709E0B0FBE4
:108FE000F2FCB0FBF2F302FB1C0030307854184660
:108FF000491C0028F3D123462A463046BDE8F041FB
:1090000000F0B1BA000000002D0000002B000000AD
:10901000200000002DE9F05F894604464FF0000A69
:10902000DFF874B1FB44C0F820A02046E16888470F
:10903000002874D0252806D0D4E901219047206A61
:10904000401C2062F1E700265F462046E168884721
:109050002028054607DB312D05D2781910F8200CA1
:1090600008B10643F1E7B00701D526F00406C4F8BD
:109070001CA00027C4F818A02A2D09D0284601F00A
:10908000CAFC38B304EB8708303DC8F8185019E023
:1090900059F8041B204604EB87029161E168884778
:1090A000012F054618D1E069002820DA26F02006B5
:1090B0001DE0D8F8180000EB800005EB40003038C8
:1090C000C8F818002046E1688847054601F0A3FC6F
:1090D0000028EED1012F0AD02E2D08D12046E168BC
:1090E00088477F1C0546022F46F02006C4DBA06996
:1090F000002803DA404246F00106A061F00701D0E3
:1091000026F010066C2D0BD0682D09D04C2D39D0CF
:109110006A2D35D0742D35D07A2D33D016E038E055
:10912000E1682F4620468847B842054609D16C2F92
:1091300026D04FF48060E168064320468847054604
:1091400004E06C2F1AD04FF4807006430DB3A5F1E4
:109150004100192802D8203546F400664A462946BF
:10916000204626604E46F7F71DF880B101280BD047
:10917000F61D26F0070000F1080956E74020E4E755
:109180008020D8E70020D6E706F104094DE72846FD
:1091900052E7206ABDE8F09FC64D000070B5064654
:1091A00000F056F90468054630460A22002100F016
:1091B000AFFD2C6070BD401ECAB210F8011F8A427C
:1091C00002D00029F9D10020704710B5431E13F8D2
:1091D000014F002CFBD105E011F8014B002C03F8E6
:1091E000014B03D0521EF7D20021197010BD30B5CB
:1091F00005460B462A4613F8014B12F8010B08B13D
:10920000A042F8D01CB1002802D06D1CF1E728461E
:1092100030BD40EA0103024630B59B0710D14FF044
:10922000013400E008C208C91D1B9D4315EAC41F94
:10923000F8D013F0FF0102F8011B0DD01B0AF8E76C
:1092400011F8013B002B02F8013B05D011F8013B5E
:10925000002B02F8013BF3D130BD10B5431C02E0F6
:1092600010F8011B71B18107FAD14FF0013202C829
:109270008C1A8C4314EAC211F9D0C01A0A0603D022
:10928000C01E10BDC01A10BD0A0401D0801E10BD42
:109290000902FCD0401E10BD421E12F8013F002BF7
:1092A000FBD111F8013B002B02F8013BF9D17047CB
:1092B000032A40F2308010F0030C00F0158011F802
:1092C000013BBCF1020F624498BF11F801CB00F8DA
:1092D000013B38BF11F8013BA2F1040298BF00F82E
:1092E00001CB38BF00F8013B11F0030300F02580EB
:1092F000083AC0F0088051F8043B083A51F804CB12
:10930000A0E80810F5E7121D5CBF51F8043B40F8D7
:10931000043BAFF30080D20724BF11F8013B11F8E2
:1093200001CB48BF11F8012B24BF00F8013B00F826
:1093300001CB48BF00F8012B704710B5203AC0F0B0
:109340000B80B1E81850203AA0E81850B1E8185046
:10935000A0E81850BFF4F5AF5FEA027C24BFB1E883
:109360001850A0E8185044BF18C918C0BDE81040F4
:109370005FEA827C24BF51F8043B40F8043B08BFFD
:109380007047D20728BF31F8023B48BF11F8012BC4
:1093900028BF20F8023B48BF00F8012B704702F0BD
:1093A000FF0343EA032242EA024200F002B84FF010
:1093B00000020429C0F0128010F0030C00F01B80A2
:1093C000CCF1040CBCF1020F18BF00F8012BA8BFB0
:1093D00020F8022BA1EB0C0100F00DB85FEAC17C74
:1093E00024BF00F8012B00F8012B48BF00F8012B27
:1093F00070474FF0000200B5134694469646203958
:1094000022BFA0E80C50A0E80C50B1F12001BFF43D
:10941000F7AF090728BFA0E80C5048BF0CC05DF8A3
:1094200004EB890028BF40F8042B08BF704748BFF1
:1094300020F8022B11F0804F18BF00F8012B704765
:109440007047704770470000004870477002002066
:1094500000487047680200207047704770477047A7
:1094600038B504460A4600206946AFF3008000285C
:1094700008BF38BD02460099204600F091FC01204B
:1094800038BD012000F020BEF8B5AFF300800546DE
:1094900000200C46102000BF0646A819A0420DD996
:1094A000324669460020AFF30080070008BF00F095
:1094B0000BFE0098A04218BF0546C419FFF7C4FF71
:1094C00005600746F01D20F007004619284600F009
:1094D0000AF8B44208BFF8BDA21B31463868BDE89F
:1094E000F84000F05DBC00210160C0E90110704748
:1094F0001020704770B5044685690068C10601D523
:10950000302600E02026C00707D070BDD4E9012135
:1095100030469047206A401C20626D1EF6D570BD13
:1095200070B5044685690078C00707D170BDD4E9DD
:10953000012120209047206A401C20626D1EF6D534
:1095400070BD09684A0501D540B27047C905FCD510
:1095500000B2704709684A0501D5C0B27047C90515
:10956000FCD580B270472DE9F0470D4699469246EA
:10957000044600F124080168880604D5E06921F05A
:109580001001216000E00120A84201DD471B00E03E
:109590000027A1697A1902EB0900081AA061207856
:1095A000C00602D42046FFF7A5FF002608E0D4E954
:1095B00001211AF806009047206A401C761C2062A0
:1095C0004E45F4DB2078C0060AD52046FFF792FF0F
:1095D00006E0D4E9012130209047206A401C206237
:1095E000381EA7F10107F4DC07E0D4E9012118F8DF
:1095F00005009047206A401C2062281EA5F1010545
:10960000F3DC2046FFF78CFF2078000602D502200D
:10961000BDE8F0870120FBE711680268006A530586
:1096200001D508700AE0D30501D5088006E01306CD
:1096300003D5C217C1E9000200E0086001207047AD
:1096400070472DE9FF4F0C461E464FF0FF378BB099
:10965000D2E90001DDF860800A908A46C1F30A551C
:1096600005B93D46002108464FF00000BAF1000F51
:1096700000F4400005DA00EB80004FF4400101EAFD
:1096800050004FEA9059B9F1010F00DDB9460A9830
:1096900050EA4A000ED044F61050A5F2FF3545437B
:1096A0002F14B8F1000F1ED07542291E1EDDC9F11E
:1096B00000021CE0B8F1010F4FF0000001D0302192
:1096C00003E0F24305E02154401CB042FBDB30468E
:1096D0000022002121540B99C1F80880C1E9002023
:1096E0000FB0BDE8F08FBD1B6D1CDEE74A4600DA07
:1096F000694206A800F05AFC06AB93E8070003ABEA
:1097000083E8070050460A9900F0B6FD8DE807008F
:10971000A0F500501F3800900398002D09DD42F29B
:109720001F014A46084403A90390684601F015F852
:1097300008E0A0F500504A461F3803A90390684688
:1097400001F01FF88DE807000004000C03D04FF073
:10975000FF30410800E01046B8F1000F03D00022AE
:10976000009215461EE0751E05D400F033FB303222
:1097700062556D1EF9D5B3460122084302D000227E
:109780007F1C04E02078302801D100227F1E002AAF
:10979000099786D01DE0112D07DA00F01BFB30324F
:1097A00062556D1C50EA0102F5D1084302D00098C1
:1097B000C8B10EE00021681E05E0235C625C6354C2
:1097C0002254401E491C8142F7DBAB46A81B401EB9
:1097D0000990002004F80B000B98099AC0F8088043
:1097E000C0E9002B7CE711264FF0000859E72DE96E
:1097F000F04F88460446D21D22F0070191B0D1E90E
:109800000001CDE90A0101F0F2F802460B98C00F01
:1098100001D02D2007E02068810701D52B2002E030
:10982000202101EAC000032A099001D0072A05DBA4
:1098300003464146204600F013FB0BE120788006EA
:1098400001D5E06900E00620B8F1650F814606D039
:10985000B8F1660F18D0B8F1670F70D131E0002071
:10986000B9F1110F009001DB112301E009F10103AF
:109870000AAA01A90CA8FFF7E4FEDDE90C70002696
:1098800009F10105834647E001204B4600904FF067
:1098900000470AAA01A90CA8FFF7D3FEDDE90DB025
:1098A0000C995D46002610B909F101000D18B9EBBD
:1098B000050003D4C0F1FF3609F10105A5EB09004D
:1098C0002BE0B9F1010F01DA4FF001090020B9F1E5
:1098D000110F0090484601DD112300E003460AAA5B
:1098E00001A90CA8FFF7ADFEDDE90C704D4600267E
:1098F0008346207800070AD4AB4500DA5D4601A80C
:10990000012D04DD411911F8011C302907D04F4504
:1099100002DA17F1040F04DA012082460FE06D1E0F
:10992000EEE7002F02DCED1B3E4403E0781CA8426A
:1099300000DD7D1CB81B00F1010A4FF000472078C4
:10994000000703D4AA4501DB4FF0FF3A0021B7F12D
:10995000004F0DF143088DF8431024D002202B2333
:10996000002F01DA7F422D230A21021EA0F10100FF
:1099700000DC5FB197FBF1FC97FBF1F201FB1C7C73
:1099800017460CF1300C08F801CDEEE7A8F1010004
:1099900003702188090501D5452100E06521A0F16A
:1099A000010800F8011C09980FA9A1EB0807FF1D89
:1099B00000B10120411901EBEA70A1693844081A8D
:1099C000401EA0612078C00602D42046FFF792FD19
:1099D000099828B1D4E901219047206A401C2062EF
:1099E0002078C00622D52046FFF784FD1EE0002E19
:1099F00004DBB34502DD01A8805D00E03020D4E93E
:109A000001219047206A401C2062761CAAF10100C7
:109A10005FEA000A0AD100F0BFF9C0680168405C43
:109A2000D4E901219047206A401C2062281EA5F13C
:109A30000105DCDC07E0D4E9012118F8010B9047AF
:109A4000206A401C2062381EA7F10107F3DC204683
:109A5000FFF766FD032011B043E6000001694A1CD0
:109A600002610878704700B58FB0CDE9013100215F
:109A7000059105497944CDE9031011466846FFF781
:109A8000C9FA0FB000BD0000E5FFFFFF0A6802F849
:109A9000010B0A607047D1E900239A4202D2531C9D
:109AA0000B601070704710B5436913B1AFF30080BD
:109AB00001E0FFF749FA012010BD127800F12401FE
:109AC0000A7000224A700122EDE711684FF0FF3260
:109AD000E9E700002DE9FF5F15468A460446DFF8F6
:109AE000AC80F8440027D8E900103E46CDE90010CC
:109AF00010E03AF816106A4602A800F0C5FA411CB8
:109B000007D02178890603D5E269391891420DD82A
:109B10000744761C2078800602D5E069B84205DD4E
:109B2000AE42E6DB3AF816000028E2D1A069C01B7D
:109B3000A0612046FFF7DEFCD8E90010CDE9001057
:109B4000002017E03AF818106A4602A800F09CFAC4
:109B5000B0F1FF3F81460BD000250DF1080B05E069
:109B6000D4E901211BF8050090476D1C4D45F7D342
:109B700008F10100B0428046E4DB206A38442062EC
:109B80002046FFF7CDFCBDE8FF9F00001A43000010
:109B90002DE9F0418046D21D22F007020025D2E9CE
:109BA0000002F52915A614D0011E72F1000106DA93
:109BB0000023D0EB030063EB020211A608E0D8F803
:109BC00000108B0701D50FA602E0490701D50EA6AC
:109BD00001251146002408F1240704E000F0FAF8FA
:109BE00030323A55641C50EA0102F7D12B46324616
:109BF00021464046BDE8F041FFF7B5BC000000003B
:109C00002D0000002B0000002000000030B40021D7
:109C100000F1240408E002F00705D208303542EADA
:109C20004372DB086554491C52EA0305F3D104680A
:109C3000002310A2250708D504F020040C4304D00B
:109C4000C46901230CA2641EC46130BCFFF78BBC45
:109C500010B5044621461068FFF77CFC02462046FA
:109C6000BDE810400023D1E7D21D22F00701D1E961
:109C70000023CBE70000000030000000F0B40D46E8
:109C80000188090502D5214C7C4402E01F4C7C442C
:109C90000E34002100F1240608E002F00F0712093B
:109CA000E75D42EA03721B097754491C52EA030735
:109CB000F3D102780023120704D5702D06D009B124
:109CC000022311342246F0BCFFF74DBC01231034AF
:109CD000F8E770B504460D4621461068FFF73AFCD8
:109CE000024629462046BDE870400023C6E7D21D43
:109CF00022F00703D3E90023C0E70368126843F0AA
:109D0000200303600823C3610023B7E77C41000000
:109D10002DE9F04791460F4680460446002614F888
:109D2000015B2DB100F030F80068405DC007F6D14E
:109D30002B2D02D02D2D18D0641E4A4639462046C0
:109D400000F0E4F827B13968A14201D1C7F80080DA
:109D50004FF0020471050BD54042002803DDFFF7E8
:109D600077FB0460A007BDE8F08746F48066E4E76F
:109D70000028F8DAFFF76CFB04606FF00040F2E7B0
:109D8000004870476802002010B500F005F8001D7B
:109D900010BD00BFBD0C00000048704788020020C5
:109DA000034640688C46002818BF88423CBF0346E3
:109DB0004068F8D318681844884207D00CF10300B3
:109DC00020F00700001D411A521A0146081D0A60C2
:109DD000FFF747B830B5B0F10A024FEA900E71F1C3
:109DE00000034EEA817EB0EB0E0061EB91014FEA79
:109DF000101E4EEA017E10EB0E0041EB11114FEAEE
:109E0000102E4EEA016E10EB0E0041EB11214FEACD
:109E1000104E4EEA014E10EB0E0041EB114140187E
:109E200041F100014FEAD00040EA41704FEAD10110
:109E300010EB80054FEA810444EA907444EB01047E
:109E40006D1944EB0404521BA3414FF0000348BFBB
:109E50000A3200D530BD401C41F1000130BD000088
:109E60002DE9F0411F46044603260168072A01F444
:109E7000006004DB08B116A505E016A503E008B1F3
:109E800015A500E015A521F010002060A069C01EF6
:109E9000A0610FB1401EA0612046FFF72BFB4FB120
:109EA000D4E9012138469047206A401C2062C01C3A
:109EB000206206E0206AFAE7D4E9012115F8010BD7
:109EC0009047761EF8D22046FFF72AFBBDE8F081C6
:109ED0004E414E006E616E00494E4600696E66004E
:109EE00010B5436913B1AFF3008001E0FFF7F2FD55
:109EF000012010BD128800F1240182840022C28456
:109F00000122EDE711684FF0FF32E9E72DE9F05F3C
:109F1000824615468B4600270AF10104B9460078AF
:109F2000302801D09DB113E014F8010B01277828E7
:109F300003D0582801D045B10AE00DB1102D07D14A
:109F4000002714F8010B102502E0082500E00A257F
:109F50000026B0460EE005FB080005FB06F10127D0
:109F60001FFA80F801EB1046B6F5803F00D3B946E2
:109F700014F8010B294600F0D4F80028EBDABBF105
:109F8000000F05D00FB1641E00E05446CBF800402E
:109F9000B9F1000F06D0FFF75BFA02210160C81E7D
:109FA000BDE8F09F48EA0640FAE700002DE9F047D7
:109FB000814616468AB0334878440DC88DE80D00B6
:109FC00030487844801C03AC0DC884E80D0041F68D
:109FD0009B300844372190FBF1F290FBF1F5A5F19D
:109FE000800501FB12041B3C02D56442012000E005
:109FF0000020DFF890A080460027FA44AAF1BE0AAC
:10A000000DE0E00709D03246684607EB47010AEB4E
:10A01000810100F0B6FB8DE8070064107F1C002C66
:10A02000EFD1184F7F44AC3F18E0E80714D007EB9E
:10A0300004100DF1180A90E80E008AE80E00C068BE
:10A04000F04201D198190890324606A903A800F001
:10A0500098FB03AB83E807006D10641C002DE4D16E
:10A0600032466946B8F1000F03A802D000F075FB34
:10A0700001E000F086FBC9E90001C9F808200AB038
:10A08000BDE8F087F03E000070B516460C46054668
:10A09000FFF77AFE036893F80101012806D0FF2C30
:10A0A0000FD8185D68B101202C7070BDD3F807017E
:10A0B0003246214603F2071303442846BDE87040A8
:10A0C00018474FF0FF3070BD10B500F047F8BDE8FD
:10A0D000104000F03DB870477546FFF751FEAE46A0
:10A0E00005006946534620F00700854618B020B5A4
:10A0F000F6F75EFABDE820404FF000064FF000078B
:10A100004FF000084FF0000B21F00701AC46ACE81F
:10A11000C009ACE8C009ACE8C009ACE8C0098D468C
:10A1200070473A2800D2303820F02002412A01D36B
:10A13000A2F13700884201D34FF0FF30704710B5CD
:10A140000446AFF300802046BDE81040F6F791B812
:10A15000002801D000F06AB87047000010B501284F
:10A1600005D0002103A000F067F8012010BD09A16F
:10A17000F8E7000053494752544D454D3A204F757A
:10A1800074206F662068656170206D656D6F7279EF
:10A19000000000003A2048656170206D656D6F72A7
:10A1A0007920636F72727570746564004FF0013CC2
:10A1B00050F8042B51F8043B9A4221D1A2EB0C0336
:10A1C000934313EACC1317D150F8042B51F8043BF6
:10A1D0009A4215D1A2EB0C03934313EACC130BD193
:10A1E00050F8042B51F8043B9A4209D1A2EB0C031E
:10A1F000934313EACC13DBD04FF00000704700BF4D
:10A20000D01A01BAB1FA81F101F0180122FA01F075
:10A21000CB40C1F12001DBB2C0B2C01A2CFA01F36D
:10A22000D11A914311EAC311E6D1704701491820B0
:10A23000ABBEFEE72600020070B505460C460A20BC
:10A2400000E06D1C00F011F835B128780028F8D135
:10A2500002E0641C00F009F814B120780028F8D15D
:10A26000BDE870400A20AFF3008008B569468DF85C
:10A2700000000320ABBE08BD5FEA400C08BF91F0B0
:10A28000000F4FEA8C234FEAC12243EA51514FEAB3
:10A290001C5018BF00F5F0404FEA300018BF41F0E5
:10A2A00000415FEA6C5C00F02980BCF1FF3F08BF11
:10A2B00040F080407047130C06BF12044FF0100CA2
:10A2C0004FF0000C130E04BF12020CF1080C130F18
:10A2D00004BF12010CF1040C930F04BF92000CF1A7
:10A2E000020CD30F04BF52000CF1010C11464FF0C9
:10A2F0000002A0F11F00A0EB0C00704711F0004F0E
:10A3000008BF704731F000413FF4D5AF0B0C06BFDA
:10A3100009044FF0100C4FF0000C0B0E04BF0902A3
:10A320000CF1080C0B0F04BF09010CF1040C8B0F8E
:10A3300004BF89000CF1020CCB0F04BF49000CF1E3
:10A34000010CCCF12003A0EB0C0022FA03F302FA7B
:10A350000CF241EA030100F10100704720F07F4C4C
:10A3600080EA030023F07F47ACEB070303F57C533F
:10A3700000F0004003F1FF032DE980494FEA154B3F
:10A3800009B44FEA144325EA0B4E24EA03480FF2BE
:10A39000042606EB132749083E785FEA320203FBE6
:10A3A0000667C7F5000707FB06F64FEA54374FEA82
:10A3B000D64606F1020607FB066CCCF1005C4FEABC
:10A3C0001C472CEA074C07FB06F40CFB06F504EBD4
:10A3D00015464FEA961634BF00204FF000404FEA72
:10A3E000D13706FB07FC4FEA1C4C0CFB0BF7D21BCA
:10A3F00003FB0CF761EB07010CFB0EF7B0EB07401A
:10A4000072EB17420CFB08F734BFA2EB0742B2EB2A
:10A41000074261EB17414FEA0C444FEA910706FBF4
:10A4200007FC4FEA1C4C0CFB0BF7B0EBC74072EB80
:10A43000573203FB0CF734BFA2EBC742B2EBC74263
:10A4400061EB57310CFB0EF7B0EBC70072EB5772A4
:10A450000CFB08F734BFA2EBC702B2EBC70261EBFB
:10A460005771039F4FEA816141EA921104EBCC04DA
:10A470004FEAD1374FEA826206FB07FC42EA9012AC
:10A480004FEA80604FEA1C4C0CFB0BF7D21B03FB1E
:10A490000CF761EB07010CFB0EF7B0EB074072EB1A
:10A4A00017420CFB08F734BFA2EB0742B2EB07429E
:10A4B00061EB17414FEA8C554FEA910704EB9C245E
:10A4C00006FB07FC4FEA1C4C0CFB0BF7B0EBC7403C
:10A4D00072EB573203FB0CF734BFA2EBC742B2EB6F
:10A4E000C74261EB57310CFB0EF7B0EBC70072EBC4
:10A4F00057720CFB08F734BFA2EBC702B2EBC702DE
:10A5000061EB577115EB4C254FEA816141EA9211DD
:10A510004FEA82624FEAD13742EA901206FB07FC0B
:10A5200044F100044FEA80604FEA1C4C0CFB0BF72F
:10A53000D21B03FB0CF761EB07010CFB0EF7B0EB32
:10A54000074072EB17420CFB08F734BFA2EB07423F
:10A55000B2EB074261EB174115EB1C154FEA813155
:10A5600041EA92414FEA823242EA90424FEA803019
:10A570004FEA0C7644F1000448EA03434EEA0B48E4
:10A580004FF0000EB2EB080C71EB030724BF6246DC
:10A5900039464EEB0E0E4FF0000B00185241494168
:10A5A0004BEB0B0BB2EB080C71EB03077BF1000BD1
:10A5B00024BF624639464EEB0E0E4FF0000B0018DA
:10A5C000524149414BEB0B0BB2EB080C71EB03070B
:10A5D0007BF1000B24BF624639464EEB0E0E51EA6A
:10A5E000020718BF46F0010616EB0E7655F1000281
:10A5F00054F1000103D5BDE88901BDE80088BDE83C
:10A600008901BDE80048B619524141EB0101A3F1AF
:10A610000103704780807F7E7D7C7B7A79787776B6
:10A6200076757473727171706F6E6E6D6C6C6B6A2F
:10A630006A696868676666656464636362616160CD
:10A64000605F5F5E5E5D5D5C5C5B5B5A5A5959584A
:10A6500058575756565555555454535352525251B4
:10A66000515050504F4F4F4E4E4D4D4D4C4C4C4B0A
:10A670004B4B4A4A4A494949484848474747474651
:10A68000464645454544444444434343434242428D
:10A6900042414141002B26D4770021D01CB54FEA1E
:10A6A000370703B44FF010004FF010014FF00000D7
:10A6B0000FBCBDE810400BF1010BBBF1010F08BF4F
:10A6C0005FEA170722BF12F1010211F101014FF0F9
:10A6D000004143F1000300F0004043EA00007047EE
:10A6E000F9D35708DAE746EA064613F1400F4FEA76
:10A6F00016461FDD13F1200FDFBF16430A46002167
:10A7000020335B42C8D0C3F1200746EA064602FA6E
:10A7100007F74FEA164646EA0706C3F1200722FA72
:10A7200003F201FA07F721FA03F14FF0000342EABE
:10A730000702B1E746EA020646EA06464FEA16462F
:10A7400046EA0106BCBF46EA0646360C4FF0000357
:10A750004FF000024FF000019EE72DE9C0489346FC
:10A7600030B491E8380007C831EA400C48BF34EAF9
:10A77000430C03D5FFF7F2FDFFF78CFFF0BCBDE8FB
:10A7800000882DE9C048934630B491E8380007C8E6
:10A7900010F0804F08BF13F0804F03D100F005F890
:10A7A000FFF778FFF0BCBDE8008820F07F4780EA23
:10A7B000030023F07F4C07EB0C03A3F57C5300F060
:10A7C0000040A3F1FE0392F0000F00F0B38095F07B
:10A7D000000F00F077802DE901494FEA11404FEA60
:10A7E000144621EA004800FB06FC24EA064708FB61
:10A7F00006F607FB08F800FB07F718EB06484CEBDA
:10A80000164C4FEA124B18EB07484FEA15464CEB33
:10A81000174022EA0B4E0BFB06FC25EA06470EFB0F
:10A8200006F607FB0EFE0BFB07F71EEB064E4CEB86
:10A83000164C4FF000061EEB074E4CEB174B18EB77
:10A840000B0840F1000018EB0E0B58EB000840F12C
:10A8500000008F1A4FF000013CBFC943661B14BFB4
:10A86000B5EB040C00213CBFC943F61B4FEA17446B
:10A870004EEA8E0E27EA04454FEA1C4704FB0762A6
:10A880002CEA074C05FB07F70CFB05F604FB0CFC58
:10A8900016EB074642EB174216EB0C4642EB1C4206
:10A8A0001BEB060658EB0202414146EA9E0601D523
:10A8B000BDE80189B619524141EB0101A3F1010341
:10A8C000BDE801894FEA14454FEA114724EA0546DD
:10A8D00021EA074C05FB07F406FB07F70CFB06F122
:10A8E00005FB0CFC11EB074144EB17444FEA124700
:10A8F00011EB0C4144EB1C4422EA074C05FB07F228
:10A9000006FB07F70CFB06F605FB0CFC16EB0746EF
:10A9100042EB174216EB0C4642EB1C456A1854F109
:10A92000000148BF7047B619524141EB0101A3F144
:10A930000103704795F0000F37D04FEA11424FEAFC
:10A94000144721EA024624EA074C02FB07F106FB02
:10A9500007F70CFB06F402FB0CFC14EB074441EB7D
:10A9600017414FEA154714EB0C4441EB1C4125EA13
:10A97000074C02FB07F506FB07F70CFB06F602FB8C
:10A980000CFC16EB074645EB174516EB0C4645EB62
:10A990001C42121951F1000148BF7047B6195241CB
:10A9A00041EB0101A3F1010370474FEA14454FEA5F
:10A9B000114724EA054621EA074C05FB07F106FB8F
:10A9C00007F70CFB06F24FF0000605FB0CFC12EB40
:10A9D000074241EB174112EB0C4251EB1C4148BFBF
:10A9E0007047921841EB0101A3F101037047490040
:10A9F00050EAC12018BF04204A0D18BF40F00100E2
:10AA000040F2FF72B2EB515F08BF40F00200012834
:10AA100008BF0520704730380A2801D2012070474E
:10AA20000020704710B500290AD00878002807D008
:10AA300005487844FFF7BAFB002801D0002010BD7C
:10AA40000248784410BD00003A350000323500005D
:10AA500010B500290AD00878002807D005487844A6
:10AA6000FFF7A4FB002801D0002010BD0248784465
:10AA700010BD00002A3500002235000021F0004200
:10AA8000A2F16052B2F5801F01F0004328BFD2F15D
:10AA90007F6C0BD95FEA001C43EAC20242EB5070A4
:10AAA00018BF704728BF20F001007047B2F5801F23
:10AAB000BCBF184670474FEA410C1CF5001F02D27C
:10AAC000084600F08CBE70B500F0E2FA0000008984
:10AAD000FFF7F6BF4FF00040A0F580007047000080
:10AAE00010B591EA030F48BF83F0004300F13883AB
:10AAF000841A71EB030C05D2121943EB0C03001BF3
:10AB000061EB0C01DFF824E14FEA1154A4EB135C74
:10AB10001EEA430F18BF9EEA445F73D023EA0E0378
:10AB2000DCF1200E21EA045143F4801332D322FADF
:10AB30000CFE10EB0E0023FA0CFE41EB0E01CCF1E3
:10AB4000200E03FA0EFE10EB0E0051F10001B1F5DC
:10AB5000801FCCF1200E32D201EB045112FA0EF21A
:10AB6000BDE8104058BF7047401C38BF5FEA420242
:10AB700018BF7047002814BF20F0010041F1000108
:10AB80004FEA410313F5001F38BF7047A1F1C041E0
:10AB900000F0CCBA012A43EB0302ACF1200CDCF14B
:10ABA0001F0E32BF4FF0000E23FA0CF310EB030020
:10ABB00041EB0451B4EB115FD0D0A1EB045101F58E
:10ABC000801149085FEA300001EB04510ED350F1C7
:10ABD000000038BF12FA0EFE08D1BDE81040C9E7E8
:10ABE000401C38BF5FEA4202CAD1C3E7BDE810404B
:10ABF0004FEA410313F5001F38BF7047A1F1C04170
:10AC000000F094BA9EEA445F08D011EA5E0FBDE8F6
:10AC1000104004BF01F0004100207047BDE8104023
:10AC200070B500F035FA00BF64FBBE3E0000E0FFE7
:10AC30002DE9C04130B4DFF8A0C23CEA111418BFBE
:10AC40003CEA131400F0EC8081EA03051CEA1114BD
:10AC500044EAD57418BF1CEA131500F0C780A4EBB2
:10AC600005044FF0004545EAC12145EAC32341EA06
:10AC7000505143EA525304F17F74994204F5003471
:10AC80004FEAC0204FEAC22208BF904200F09C80E9
:10AC90004FEA13650FF24016765D4FEA134506FB47
:10ACA00005F7C7F1807706FB07F74FEAD737A7FB11
:10ACB00003687642C8F58038A7FB06CE38BFA8F1F6
:10ACC000010807FB08E64FF0000EA6FB028CE6FB2E
:10ACD00003CEDCF1000CCEF1004E38BFAEF1010E18
:10ACE000A6FB0C584FF000074FF00005E6FB0E875F
:10ACF000A1FB08C6A0FB07CE16EB0E0645F100052A
:10AD0000E1FB076515F1E04E7EBFA4F580345FEAF4
:10AD100046066D4116F1800745F100054FEA1727F9
:10AD20004FEA066647EA0567A6F1DE46B6F1805FA0
:10AD30004FEA15251FD9384624F0010C05EBC471E4
:10AD4000BCF1FE6F01EB0C1102D8F0BCBDE8008134
:10AD500024425CBF01F5801E9EEAC47F02D4F0BC91
:10AD6000BDE80081244238D4F0BCA1F1C041BDE867
:10AD7000004100F0DBB94FEAD22242EA43524FEAE7
:10AD8000D323A7FB02864FEAD02040EA415007FBBD
:10AD900003661EEA0E0F4FEAD12105FB026658BF7B
:10ADA000A6EB0056B6EB00564FEA520E4EEAC37EB3
:10ADB00018EB0E0E56EB530EBDD518EB02085E4194
:10ADC0007F1C55F10005B6E74FF480154FF00007E2
:10ADD0004FF000064FF00008ADE7F0BC4FF0000068
:10ADE00001F1C04101F00041BDE8008111EA0C1FF2
:10ADF0000CEA131500D00CE013EA0C1F00F02580BC
:10AE00004FF00000F0BC81EA030101F00041BDE811
:10AE10000081F0BCBDE8004181EA030100F086B981
:10AE2000F0BCBDE8004170B500F032F9097EFC3E8F
:10AE300000F007B881EA03014FF0000001F0004183
:10AE4000704781EA030100F071B9F0BCBDE8004130
:10AE50004FF0000021497047FFFDFBF9F7F5F4F2D0
:10AE6000F0EEEDEBE9E8E6E4E3E1E0DEDDDBDAD8A5
:10AE7000D7D5D4D3D1D0CFCDCCCBCAC8C7C6C5C403
:10AE8000C2C1C0BFBEBDBCBBBAB9B8B7B6B5B4B31A
:10AE9000B2B1B0AFAEADACABAAA9A8A8A7A6A5A405
:10AEA000A3A3A2A1A09F9F9E9D9C9C9B9A999998C9
:10AEB0009797969595949393929191908F8F8E8E6C
:10AEC0008D8C8C8B8B8A89898888878786858584F9
:10AED00084838382828181800000FF070000F87FE5
:10AEE0004FEA1153A3F58063D3F11E03A8BFD3F13A
:10AEF000200C08DB4FF0004242EAC12252EA5052D5
:10AF000032FA03F0704709420BD4102BC4BF002063
:10AF1000704703F5787CBCF1FF3F05D04FF0FF3060
:10AF200070474FF00000704770B500F0B1F800BFF7
:10AF30004992248000207047F0E70000DFF848C104
:10AF400070B51CEA111E1EBF1CEA13159EEA0C0FF9
:10AF500095EA0C0F00F06F8081EA030423EA4C139A
:10AF60004EEAD47E21EA4C1141F4801143F480135F
:10AF7000AE44A1FB024CA0FB0365AEF17F7E361907
:10AF800055EB0C05A1FB034C4CF10003A0FB021C8C
:10AF900016EB0C06654153F10003094218BF46F059
:10AFA000010613F4007F0BD14FEA03314FEA05305D
:10AFB000340341EA155140EA16506FF003020AE0EB
:10AFC0004FEAC3214FEAC520F40241EA555140EA55
:10AFD00056506FF0020202EB2E4201EB025585EA59
:10AFE000CE710AD05FEA440C18BF24F0004450F13F
:10AFF000000041F1000120EAD47040F2FE7C62457D
:10B0000000D270BDA84214BF4FF080444FF04044BE
:10B01000002E08BF0024BEF1806FA8BFA1F1C0417F
:10B02000BDE8704080F282804FF0000001F1C04125
:10B0300001F0004170479EEA0C0F0CEA131518BF8F
:10B0400095EA0C0F06D04FF0000081EA030E0EF0D7
:10B05000004170BD00F01CF88900013E00F007B807
:10B0600000F009B84FEA430C5FEA5C5C08D081EA63
:10B07000030100F05BB84FEA410C5FEA5C5CF6D17B
:10B080004FF00000014970470000FF070000F87F03
:10B090000EF1020E2EF0030E5EF8046B364205D45C
:10B0A000012A43EB030515F5001F12D8012841EBD7
:10B0B000010C1CF5001F0CD80ED14FEAD17C15F500
:10B0C000001F0CEB4C0C0CF1020C08BF4CEBD37CBA
:10B0D00004E04FF0080C01E04FEAD37C0CEB4C0588
:10B0E00026FA05F606F00706B6F1040C06D20EEBBA
:10B0F000860CBDE870404CF0010C6047DFE80CF0B6
:10B10000090B02024FF000414FF00000A1F50021B1
:10B1100070BD19461046012851EB010418BFD4F543
:10B12000001484BF002001F0004170BD0808A0F5A4
:10B1300000114FEA3101704791EA030F10B581F019
:10B1400000413FF5D5AC83F0004300F009B80000A2
:10B1500010B591EA030F48BF83F000433FF5C8AC38
:10B16000841A71EB030C07D212198CF0004C43EBDC
:10B170000C03001B61EB0C01DFF8A4E14FEA115452
:10B18000A4EB135C1EEA430F18BF9EEA445F00F075
:10B19000B08023EA6E03524221EA0451C3EB6E03EE
:10B1A00038BF5B1EDCF1200E25D322FA0CFE10EB1B
:10B1B0000E0043FA0CFE41EB0E01CCF1200E03FA17
:10B1C0000EFE10EB0E0051F10001CCF1200E29D43F
:10B1D00012FA0EF201EB0451BDE8104058BF70475F
:10B1E000401C1CBFB2F1004F704700280CBF491C27
:10B1F00020F00100704712EB020E43EB030218BF70
:10B200004FF0010E4EEA4202ACF1200CDCF11E0EB2
:10B2100054D943FA0CFE10EB0E0051F1FF31CCF182
:10B220001E0ED5D50EF1010E12FA0EFE404141EB75
:10B23000010101EB445C5FEA5C5C10D910EBDE704D
:10B2400001EB045138BFBEF1004FBDE8104018BFFC
:10B25000704700280CBF491C20F00100704730D215
:10B260004FEAD42C11F5001124F400641BD0B1FA7C
:10B2700081F20B3AA41AA41ED2F12003914030FAB5
:10B2800003F31943904001EBCC71002C01EB045106
:10B29000BDE81040A8BF704701F1C0414FF0000069
:10B2A00001F000417047B0FA80F310FA03F100D1C9
:10B2B00010BDE41A173C4805C90AE4E701EB045144
:10B2C00010BD491001EB0451BDE810404FEA3000B9
:10B2D00002E04FF0000170474A0008BF0042F8D07A
:10B2E000B2F5001F28BF704701F000414FF0000089
:10B2F00070479EEA445F07D011EA5E0FBDE8104038
:10B3000004BF002100207047BDE8104070B5FFF772
:10B31000BFFE00BF40DFF63E83F00041104670479D
:10B320000000E0FF43004FEAD30C4FEA3C0C4340DF
:10B330001FBF40070CF1605113F0FE4F70471CF027
:10B34000006F03D100200CF0004170470CF0004367
:10B3500043EA507010B540EACC0000F0FAF900BFA3
:10B36000000000924FEA0001FFF7E0BE4FF00041FD
:10B370004FF00000A1F500217047401058BFC0F108
:10B380004040491058BFC1F140418142EFF3008075
:10B39000704700004FF47F0C1CEAD0121EBF1CEA5D
:10B3A000D11392EA0C0F93EA0C0F00F0858090EA1B
:10B3B000010F48BF42F4807240F4000C41F40000D9
:10B3C0002CF07F4120F07F4000B58142A2EB0302C8
:10B3D0000FF2081CACEB504EC0F100009EF800E0EC
:10B3E0004FEA4E0E00FB0EFC38BF49004FEA2C1C02
:10B3F00002F5FA020CFB0EF34FEACE1E4FEA112CB7
:10B400004FEAC1210EEB635E42EB22420EFB0CFCC5
:10B410004FEA1C5300FB03114FEA112C4FEA013194
:10B420000EFB0CFC4FEADC4C00FB0C11C14228BFA8
:10B4300009184CEB03335DF804EB10EB410143EBCF
:10B44000C250B2F57C0F38BF704729D512F0F00F0B
:10B450001CBF00F1C04000F00040704700818283B3
:10B460008485868788898B8C8D8E8F919293959613
:10B4700097999A9C9D9FA0A2A3A5A7A8AAACAEB09D
:10B48000B2B3B5B7B9BCBEC0C2C5C7C9CCCED1D4A2
:10B49000D7D9DCDFE2E6E9ECF0F3F7FAFE000000D2
:10B4A0004FEA400C0CF1807CBCF17E4F28BF704706
:10B4B000B0F1C04000F093B990EA010F0CEAD1134B
:10B4C00048BF42F48072624538BF634507D213F427
:10B4D0007F0F16D080EA010000F00040704710B5E1
:10B4E00000F037F9097EFC3E00F005B880EA010063
:10B4F00000F00040704780EA010000F0004000F0DA
:10B500006EB912F47F0F04BF0248704780EA010051
:10B5100000F065B90000C07F41000B0ED3F19E0220
:10B5200008D950F400034FEA032323FA02F048BF7E
:10B530004042704710B500F00CF900BF49922480DA
:10B54000002070476FF0004282EA20007047000040
:10B55000C10DD1F19E0206DB4FEA002343F0004308
:10B5600023FA02F07047004207D54FEA4001B1F1DB
:10B57000FE4F02D24FF00000704710B500F0E9F81E
:10B5800049922480002070476FEA20007047000035
:10B5900010F0004148BF4042B0FA80F310FA03F2C5
:10B5A000C3F19D030BD051EAC35101EB12205306A6
:10B5B00038BF704700F1010008BF20F0010070475C
:10B5C000B0FA80F310FA03F2C3F19D030AD0D90553
:10B5D00001EB1220530638BF704700F1010008BF8D
:10B5E00020F001007047000050EA010C00F11380C8
:10B5F0001CF5000F58BFBCF5000F01D488427047FE
:10B6000007D710F5000F58BF11F5000F15D4884269
:10B610007047894270471CF5000F04D5BCF5000F38
:10B62000F7D5814270474FF0807C1CEB400F38BF4C
:10B630001CEB410F01D28142704710B500F089F830
:10B64000922449004FF000504FF08051FFF795BE13
:10B650004FF47F0C1CEAD0121EBF1CEAD11392EAF1
:10B660000C0F93EA0C0F00F0478090EA010F48BFDF
:10B6700042F480724FF0004C4CEA00204CEA012169
:10B6800002EB0302A0FB0113A2F50002002918BF80
:10B6900043F001035B0028BF4FEA330342EB224231
:10B6A0005FEA132C4CEBC2502EBFBCEB436FB2F5DC
:10B6B0007C0F70474FEA036CBCF1004F08BF20F0CD
:10B6C0000100B2F57C0F38BF70470BD582F0FF0246
:10B6D00012F5803FC8BF704700F1C040D8BF00F0EE
:10B6E0000040704700F5000C5FEA4C0C48BF704703
:10B6F000B0F1C04000F073B890EA010F0CEAD1132A
:10B7000048BF42F48072624538BF634504D280EA84
:10B71000010000F00040704710B500F01AF800BFBB
:10B720008900013E00F007B800F009B85FEA410C5B
:10B730005FEA1C6C08D080EA010000F050B85FEAB4
:10B74000400C5FEA1C6CF6D14FF00040A0F5800081
:10B7500070470EF1020E2EF0030E5EF8044B2442E9
:10B7600004D44FEA4102B2F17F4F11D84FEA4003AF
:10B77000B3F17F4F0CD80ED14FEAD07CB2F17F4F9E
:10B780000CEB4C0C0CF1020C08BF4CEBD17C04E030
:10B790004FF0080C01E04FEAD17C0CEB4C0324FA8B
:10B7A00003F404F00704B4F1040C06D20EEB840C8D
:10B7B000BDE810404CF0010C6047DFE80CF00708D2
:10B7C00002024FF00040A0F5800010BD0846420084
:10B7D00018BFD2F1807288BF00F0004010BDFF2179
:10B7E00041EAD050C005704751EA000C00F11380C7
:10B7F0001CF5000F58BFBCF5000F01D48142704703
:10B8000007D711F5000F58BF10F5000F15D481426E
:10B810007047894270471CF5000F04D5BCF5000F36
:10B82000F7D5884270474FF0807C1CEB410F38BF42
:10B830001CEB400F01D28842704780EA010081EA88
:10B84000000180EA0100FFF7F8BEFDF7D0BF00005D
:10B8500000000000000000000000000000000000E8
:10B860000008080808080808000018180000004828
:10B870006C24120000000000000000000000000026
:10B88000002424247F1212127F12121200000000E2
:10B89000081C2A2A0A0C1828282A2A1C0808000032
:10B8A0000022251515152A58545454220000000072
:10B8B000000C1212120A76252911916E0000000662
:10B8C000060403000000000000000000000000402B
:10B8D0002010100808080808081010204000000276
:10B8E00004080810101010101008080402000000CE
:10B8F000000008086B1C1C6B08080000000000001A
:10B900000000080808087F08080808000000000078
:10B910000000000000000000000006060403000014
:10B92000000000000000FE00000000000000000019
:10B9300000000000000000000000060600000000FB
:10B94000804040202010100808040402020000007B
:10B9500000182442424242424242241800000000A1
:10B9600000080E08080808080808083E0000000043
:10B97000003C4242422020100804427E00000000A9
:10B98000003C4242201820404042221C000000009F
:10B9900000203028242422227E202078000000006D
:10B9A000007E0202021A26404042221C00000000D3
:10B9B00000382402021A26424242241800000000E5
:10B9C000007E222210100808080808080000000065
:10B9D000003C4242422418244242423C0000000003
:10B9E00000182442424264584040241C00000000D9
:10B9F00000000000181800000000181800000000E7
:10BA0000000000000008000000000008080400001A
:10BA1000004020100804020408102040000000002C
:10BA2000000000007F0000007F0000000000000018
:10BA3000000204081020402010080402000000004A
:10BA4000003C424246402010100018180000000040
:10BA5000001C225A555555552D42221C000000004D
:10BA6000000808181414243C224242E70000000099
:10BA7000001F2222221E22424242221F00000000FA
:10BA8000007C4242010101010142221C0000000031
:10BA9000001F2242424242424242221F0000000056
:10BAA000003F4212121E12120242423F00000000EA
:10BAB000003F4212121E1212020202070000000092
:10BAC000003C2222010101712122221C0000000001
:10BAD00000E7424242427E42424242E7000000000A
:10BAE000003E0808080808080808083E0000000092
:10BAF000007C10101010101010101010110F00000A
:10BB0000007722120A0E0A12122222770000000089
:10BB100000070202020202020202427F000000004D
:10BB20000077363636362A2A2A2A2A6B0000000089
:10BB300000E346464A4A5252526262470000000001
:10BB4000001C2241414141414141221C00000000B2
:10BB5000003F424242423E02020202070000000051
:10BB6000001C2241414141414D53321C6000000004
:10BB7000003F4242423E1212222242C70000000011
:10BB8000007C4242020418204042423E0000000075
:10BB9000007F4908080808080808081C0000000081
:10BBA00000E74242424242424242423C0000000020
:10BBB00000E7424222242414141808080000000060
:10BBC000006B4949494955553622222200000000A0
:10BBD00000E7422424181818242442E7000000003B
:10BBE00000772222141408080808081C000000002E
:10BBF000007E2120101008040442423F000000781B
:10BC0000080808080808080808080808780000005C
:10BC10000202040408080810102020204040001EE2
:10BC20001010101010101010101010101E000038FE
:10BC300044000000000000000000000000000000C0
:10BC400000000000000000000000000000FF0006EF
:10BC500008000000000000000000000000000000DC
:10BC600000000000003C4278444242FC000000001A
:10BC700000030202021A26424242261A0000000075
:10BC800000000000003844020202443800000000B6
:10BC90000060404040784442424264D800000000C6
:10BCA00000000000003C427E0202423C0000000016
:10BCB00000F08808087E08080808083E0000000018
:10BCC00000000000007C22221C023C42423C00009A
:10BCD00000030202023A4642424242E700000000EC
:10BCE000000C0C00000E08080808083E00000000C8
:10BCF000003030000038202020202020221E0000AC
:10BD0000000302020272120A1612227700000000DB
:10BD1000000E0808080808080808083E000000008F
:10BD200000000000007F9292929292B70000000003
:10BD300000000000003B4642424242E70000000093
:10BD400000000000003C42424242423C0000000031
:10BD500000000000001B26424242221E0207000093
:10BD600000000000007844424242447840E0000075
:10BD70000000000000774C040404041F00000000D1
:10BD800000000000007C42023C40423E00000000F7
:10BD900000000008083E08080808083000000000FD
:10BDA0000000000000634242424262DC00000000EA
:10BDB0000000000000E742242414080800000000EE
:10BDC0000000000000EB4949555522220000000008
:10BDD00000000000007624181818246E00000000EF
:10BDE0000000000000E7422424141808080700009F
:10BDF00000000000007E22100808447E000000C001
:10BE0000202020202010202020202020C0001010E2
:10BE1000101010101010101010101010101000063C
:10BE200008080808081008080808080806000C3266
:10BE3000C200000000000000000000000000000040
:10BE400000000000000000000000000000000000F2
:10BE500000000000000000000000000000000000E2
:10BE600000000000000000000000000000000000D2
:10BE700000000000000000000000000000000000C2
:10BE80000000000000000000C001C001C001C001AE
:10BE9000C001C001C00180008000800080008000DF
:10BEA0008000800000000000000000008001C0034E
:10BEB000C00380010000000000000000000000003E
:10BEC00000000000E01CE01CF01E700E3807180394
:10BED00008018400000000000000000000000000D5
:10BEE0000000000000000000000000000000000052
:10BEF0000000000000000000000000000000000042
:10BF000000000000000000000000201020102010A1
:10BF100020102010FE7FFE7F100810081008100867
:10BF2000100810081008FE7FFE7F080408040804AB
:10BF300008040804000000000000000000000000E9
:10BF400000000000000000010001C007601910316E
:10BF500018311839183938017001E001C003800721
:10BF6000000F001D003900311C311C310C310C1147
:10BF7000180DE007000100010001000000000000B2
:10BF8000000000000000000000001C1036186308CC
:10BF9000630C63046304630263026301361D9C3710
:10BFA00080228063406340632063206330631022FB
:10BFB0001836081C0000000000000000000000000F
:10BFC00000000000000000000000F00098018C015B
:10BFD0008C018C018C018C00CC007800183E1C0870
:10BFE0003608320863046304C304C303834306436F
:10BFF0008E26781C000000000000000000000000F9
:10C00000000000001C003C003C003000300010002C
:10C010000C0006000000000000000000000000000E
:10C020000000000000000000000000000000000010
:10C030000000000000000000000000000000000000
:10C04000000000000040002000100008000C000468
:10C0500000060003000300038001800180018001CD
:10C0600080018001800180010003000300030006BD
:10C070000006000C00080010002000400000000036
:10C080000000000002000400080010003000200042
:10C090006000C000C000C0008001800180018001FC
:10C0A0008001800180018001C000C000C0006000EC
:10C0B00060003000100008000400020000000000D2
:10C0C000000000000000000000000000000000016F
:10C0D0008003800300011C713C79783DC00700019A
:10C0E000C007783D3C791C7100018003800380010A
:10C0F0000000000000000000000000000000000040
:10C10000000000000000000000000000000000002F
:10C110000001000100010001000100010001FC7F9D
:10C120000001000100010001000100010001000008
:10C1300000000000000000000000000000000000FF
:10C1400000000000000000000000000000000000EF
:10C1500000000000000000000000000000000000DF
:10C1600000000000000000000000000000001C00B3
:10C170003C003C003000300010000C0006000000C5
:10C1800000000000000000000000000000000000AF
:10C190000000000000000000000000000000FE7F22
:10C1A000000000000000000000000000000000008F
:10C1B000000000000000000000000000000000007F
:10C1C000000000000000000000000000000000006F
:10C1D000000000000000000000000000000000005F
:10C1E00000000000000000000000000018003C00FB
:10C1F0003C001800000000000000000000000000EB
:10C200000000000000400060002000300010001816
:10C210000008000C00040006000200030001800179
:10C220008000C000400060002000300010001800B6
:10C2300008000C00040006000200000000000000DE
:10C2400000000000000000000000C007600C301873
:10C250001830183018200C600C600C600C600C60FA
:10C260000C600C600C600C6018201830183030180E
:10C27000600CC0070000000000000000000000008B
:10C280000000000000000000000000018001F80133
:10C290008001800180018001800180018001800196
:10C2A0008001800180018001800180018001800186
:10C2B000C003F81F000000000000000000000000A4
:10C2C00000000000000000000000E007101C08183B
:10C2D000043004300C300C3000300018000800042A
:10C2E00000020001800040002020102008200430BF
:10C2F000FC1FFC1F00000000000000000000000008
:10C3000000000000000000000000E003180E0C0C0C
:10C310000C180C180C180018000C0006C003000EB6
:10C3200000180010003000300C300C300C100C18CD
:10C33000180CE003000000000000000000000000F6
:10C3400000000000000000000000000C000E000EC5
:10C35000000F800E800E400E600E200E100E100E8C
:10C36000080E040E040EFE7F000E000E000E000EDE
:10C37000000E000EC07F0000000000000000000062
:10C3800000000000000000000000F03FF03F10003F
:10C390001000100008000800C807280C1818081022
:10C3A00000300030003000300C300C30041804181D
:10C3B000080CF00300000000000000000000000076
:10C3C00000000000000000000000800FC0102030BE
:10C3D00010301800180008000C008C0F6C183C304E
:10C3E0001C600C600C600C600C6018601820303011
:10C3F0006018C007000000000000000000000000FE
:10C4000000000000000000000000F83FF83F1C1092
:10C410000C080408040400040002000200010001EA
:10C420000001800080008000C000C000C000C0008B
:10C43000C000C0000000000000000000000000007C
:10C4400000000000000000000000E007300C181899
:10C450000C300C300C301C3038187008E007B00776
:10C46000180E0C1C063806300630063006300C1844
:10C47000180CE003000000000000000000000000B5
:10C4800000000000000000000000E00318040C0899
:10C490000C180610063006300630063006380C3C04
:10C4A0001836F03100300018001800180C0C0C067B
:10C4B0000C03F0010000000000000000000000007C
:10C4C000000000000000000000000000000000006C
:10C4D00000000000000000008001C003C0038001D4
:10C4E0000000000000000000000000008001C00308
:10C4F000C0038001000000000000000000000000F8
:10C50000000000000000000000000000000000002B
:10C510000000000000000000C000C000000000009B
:10C52000000000000000000000000000000000000B
:10C53000C000C000800080004000400000000000FB
:10C5400000000000000000000020001000080004AF
:10C55000000600038001C0006000300018000C00DD
:10C56000180030006000C0008001000300060004D5
:10C570000008001000200000000000000000000083
:10C5800000000000000000000000000000000000AB
:10C590000000000000000000FE7F0000000000001E
:10C5A00000000000FE7F000000000000000000000E
:10C5B000000000000000000000000000000000007B
:10C5C000000000000000000004000800100020002F
:10C5D0006000C000800100030006000C001800305D
:10C5E0000018000C000600038001C000600020005D
:10C5F000100008000400000000000000000000001F
:10C600000000000000000000C0073018083008607B
:10C610000C601C601C601C600030001C00060001E7
:10C620008000800080008000000000008001C003C6
:10C63000C0038001000000000000000000000000B6
:10C6400000000000000000000000C007601810306B
:10C6500018200C2F8C4D864CC64CC64C664C66443C
:10C660006644662666266615CC1C0C4008201830E9
:10C670003018C007000000000000000000000000AB
:10C6800000000000000000000001C001C001C00166
:10C69000400160032003200320033006100610062B
:10C6A0001006F80F080C080C080C0C0C04180418E1
:10C6B00006181F7C000000000000000000000000C1
:10C6C00000000000000000000000FE07181C1838E1
:10C6D00018301830183018301818180CF8071818B7
:10C6E000183018201860186018601860186018302A
:10C6F0001818FE0F000000000000000000000000FD
:10C7000000000000000000000000C027603810306A
:10C7100018200C400C40040006000600060006002D
:10C7200006000600060006000C400C400C201830E5
:10C730003018C007000000000000000000000000EA
:10C7400000000000000000000000FE03180E181892
:10C7500018301830183018601860186018601860A9
:10C760001860186018601860183018301810181801
:10C77000180EFE0300000000000000000000000092
:10C7800000000000000000000000FE3F18301820EC
:10C7900018601840180018081808180CF80F180C22
:10C7A0001808180818001800180018401840182019
:10C7B0001830FE3F000000000000000000000000F4
:10C7C00000000000000000000000FE7F187018400C
:10C7D00018C018801800181018101818F81F18180A
:10C7E0001810181018001800180018001800180069
:10C7F00018007E00000000000000000000000000A3
:10C8000000000000000000000000C013701C1010A9
:10C8100018100C200C20040006000600060006007C
:10C82000060006FC063006300C300C30183018308C
:10C830003008C007000000000000000000000000F9
:10C84000000000000000000000003F7E0C180C18E3
:10C850000C180C180C180C180C180C180C18FC1FC1
:10C860000C180C180C180C180C180C180C180C18A8
:10C870000C183F7E000000000000000000000000D7
:10C8800000000000000000000000F81F800180018F
:10C890008001800180018001800180018001800190
:10C8A0008001800180018001800180018001800180
:10C8B0008001F81F000000000000000000000000E0
:10C8C00000000000000000000000E07F00060006FD
:10C8D0000006000600060006000600060006000628
:10C8E0000006000600060006000600060006000618
:10C8F0000006000600060E060E038E01FC00000076
:10C90000000000000000000000007E7C18181808DD
:10C91000180418061802180198019801D801B803E4
:10C92000380318071806180E180C181C1818183099
:10C9300018307EFC00000000000000000000000035
:10C94000000000000000000000007E001800180039
:10C950001800180018001800180018001800180017
:10C960001800180018001800180018401840182067
:10C970001830FE3F00000000000000000000000032
:10C98000000000000000000000001FF81C381C38E8
:10C990001C381C3C3434343434343436743264320D
:10C9A000643264326431C431C431C431C430C430FF
:10C9B00084309FFC00000000000000000000000028
:10C9C000000000000000000000001F7C1C103C1054
:10C9D0003410341074106410E410C410C4118411A5
:10C9E0008413041304170416041E041C041C041CE2
:10C9F00004181F18000000000000000000000000E4
:10CA000000000000000000000000C003300C1818F7
:10CA100008100C300C300660066006600660066088
:10CA200006600660066006600C200C3008101818BE
:10CA3000300CC003000000000000000000000000F7
:10CA400000000000000000000000FE0F1818183061
:10CA50001860186018601860186018301818F80FFF
:10CA60001800180018001800180018001800180006
:10CA700018007E0000000000000000000000000020
:10CA800000000000000000000000C003300C181877
:10CA90000C100C300C200660066006600660066014
:10CAA0000660066006600660E4612C331C321816CE
:10CAB000300EC007004C007C003800000000000071
:10CAC00000000000000000000000FE07181C1838DD
:10CAD00018301830183018301818180CF807980348
:10CAE0001803180718061806180E180C180C181C2E
:10CAF00018187E7800000000000000000000000010
:10CB000000000000000000000000E027303818306E
:10CB10000C200C200C000C0018007800E003800FA3
:10CB2000001E003800700060046004600860183067
:10CB30003818C80F000000000000000000000000CE
:10CB400000000000000000000000FC3F8C21846118
:10CB50008241824180018001800180018001800149
:10CB600080018001800180018001800180018001BD
:10CB70008001E0070000000000000000000000004D
:10CB8000000000000000000000003F7C0C100C10B2
:10CB90000C100C100C100C100C100C100C100C10B5
:10CBA0000C100C100C100C100C100C100C100808B1
:10CBB0003804E00300000000000000000000000056
:10CBC000000000000000000000003EF818201820BF
:10CBD00018203010301030103010600860086008E5
:10CBE000E00CC004C004C004800380038003800301
:10CBF0000001000100000000000000000000000033
:10CC000000000000000000000000DFF386618621C4
:10CC100086218C210C218C238C138C138C134C13A8
:10CC200058125816580E380E380E380E300C1004A4
:10CC300010041004000000000000000000000000CC
:10CC4000000000000000000000007E3E18083808C8
:10CC50003004300470026002E001C001C0018001B4
:10CC600080034003400720062006100C100C081813
:10CC700008183E7C000000000000000000000000DA
:10CC8000000000000000000000007E7C1C10181056
:10CC900018083008300C700460046002C002C00242
:10CCA000C00180018001800180018001800180013C
:10CCB0008001E0070000000000000000000000000C
:10CCC00000000000000000000000F83F18180818DD
:10CCD000040C040E00060007000380038001C0015D
:10CCE000C000E000600070003000382018201C10E8
:10CCF0000C18FE1F000000000000000000000000F3
:10CD000000000000C03F40004000400040004000E4
:10CD10004000400040004000400040004000400013
:10CD20004000400040004000400040004000400003
:10CD30004000400040004000C03F000000000000F4
:10CD4000000000000000000008001800180010009B
:10CD500030002000600060004000C00080008001C2
:10CD60008001000100030002000600060004000C20
:10CD7000000800180018001000300020000000001B
:10CD800000000000FC03000200020002000200029A
:10CD90000002000200020002000200020002000283
:10CDA0000002000200020002000200020002000273
:10CDB0000002000200020002FC030000000000006C
:10CDC000000000008007C0062008101000000000CE
:10CDD0000000000000000000000000000000000053
:10CDE0000000000000000000000000000000000043
:10CDF0000000000000000000000000000000000033
:10CE00000000000000000000000000000000000022
:10CE10000000000000000000000000000000000012
:10CE20000000000000000000000000000000000002
:10CE3000000000000000000000000000FFFF0000F4
:10CE4000000000007800C0000001000000000000A9
:10CE500000000000000000000000000000000000D2
:10CE600000000000000000000000000000000000C2
:10CE700000000000000000000000000000000000B2
:10CE800000000000000000000000000000000000A2
:10CE90000000000000000000F00318060C0C0C0C51
:10CEA000000C800F700C1C0C0C0C060C060C064CB5
:10CEB0000C4FF838000000000000000000000000E7
:10CEC000000000000000000010001E001800180004
:10CED0001800180018001800180FD81838303860DB
:10CEE00018601860186018601860186018203830D2
:10CEF0007818C807000000000000000000000000D3
:10CF00000000000000000000000000000000000021
:10CF10000000000000000000C007700C181818186E
:10CF20000C180C000C000C000C000C201820181021
:10CF30003008C007000000000000000000000000F2
:10CF400000000000000000000010001E0018001883
:10CF50000018001800180018E01B301C18181818CA
:10CF60000C180C180C180C180C180C180818181C95
:10CF7000307AE0090000000000000000000000001E
:10CF800000000000000000000000000000000000A1
:10CF90000000000000000000C007300C1818081046
:10CFA0000C300C30FC3F0C000C000C00182018104A
:10CFB0007018C00700000000000000000000000022
:10CFC00000000000000000000000003E80C380C0A0
:10CFD000C0C0C000C000C000FC1FC000C000C00036
:10CFE000C000C000C000C000C000C000C000C00041
:10CFF000C000F80F0000000000000000000000006A
:10D000000000000000000000000000000000000020
:10D010000000000000000000C077306C10181818E5
:10D02000181818181018300CF00718001800F00F16
:10D03000F03F08700C600C600C603838E00F0000A6
:10D04000000000000000000010001E001800180082
:10D050001800180018001800980FD8183830183029
:10D060001830183018301830183018301830183080
:10D0700018307EFC000000000000000000000000EE
:10D080000000000000000000000080038003800317
:10D090000000000000000001F80180018001800113
:10D0A0008001800180018001800180018001800178
:10D0B0008001F81F000000000000000000000000D8
:10D0C00000000000000000000000003800380038B8
:10D0D0000000000000000010801F00180018001859
:10D0E0000018001800180018001800180018001880
:10D0F0000018001800180018180C1806F00300009B
:10D10000000000000000000010001E0018001800C1
:10D110001800180018001800183E180C18061803FC
:10D1200018019801D801380318071806180C181CA4
:10D1300018187E7C000000000000000000000000C5
:10D1400000000000000000000001F80180018001E3
:10D1500080018001800180018001800180018001C7
:10D1600080018001800180018001800180018001B7
:10D170008001F81F00000000000000000000000017
:10D18000000000000000000000000000000000009F
:10D190000000000000000800EE1C9C338C318C3134
:10D1A0008C318C318C318C318C318C318C318C3197
:10D1B0008C31DE7B00000000000000000000000059
:10D1C000000000000000000000000000000000005F
:10D1D00000000000000010001E0FD8183830183072
:10D1E00018301830183018301830183018301830FF
:10D1F00018307EFC0000000000000000000000006D
:10D20000000000000000000000000000000000001E
:10D210000000000000000000C007701C1030183033
:10D220000C600C600C600C600C600C6018301830E6
:10D230003018C007000000000000000000000000DF
:10D2400000000000000000000000000000000000DE
:10D2500000000000000010009E0F58183830182001
:10D26000186018601860186018601860183038303E
:10D270007818980718001800180018007E000000A1
:10D28000000000000000000000000000000000009E
:10D290000000000000000000C023303C18381830A7
:10D2A0000C300C300C300C300C300C30083018388E
:10D2B000303CE033003000300030003000FC000033
:10D2C000000000000000000000000000000000005E
:10D2D00000000000000060007E3C60666061E000CD
:10D2E000E0006000600060006000600060006000BE
:10D2F0006000FE07000000000000000000000000C9
:10D30000000000000000000000000000000000001D
:10D310000000000000000000E0273038183018201E
:10D3200018007000E003800F001C043004300C3043
:10D330001C18EC0F000000000000000000000000BE
:10D34000000000000000000000000000000080005D
:10D3500080008000C000E000FC1FC000C000C000D2
:10D36000C000C000C000C000C000C000C020C0207D
:10D370008011000F0000000000000000000000000D
:10D38000000000000000000000000000000000009D
:10D3900000000000000010201E3C1830183018302B
:10D3A0001830183018301830183018301830183835
:10D3B00030F4E01300000000000000000000000056
:10D3C000000000000000000000000000000000005D
:10D3D00000000000000000007E3C18181808380803
:10D3E00030043004700260026002E001C001C0013C
:10D3F000C0008000000000000000000000000000ED
:10D40000000000000000000000000000000000001C
:10D410000000000000000000DFF78E630C238C2367
:10D420008C239813981358165816700E700E700EA1
:10D4300020042004000000000000000000000000A4
:10D4400000000000000000000000000000000000DC
:10D450000000000000000000FC3E70087004E004C2
:10D46000C002C0018003800340076006200C100C3E
:10D4700018183E7E000000000000000000000000C0
:10D48000000000000000000000000000000000009C
:10D4900000000000000000007E7C1818180830080A
:10D4A0003008300460046004C002C002C002800181
:10D4B000800180018000800080004C003C00000062
:10D4C000000000000000000000000000000000005C
:10D4D0000000000000000000FC1F0C0C040E0406FD
:10D4E000000380038001C000E0007020302038304D
:10D4F0001C18FC1F000000000000000000000000DD
:10D5000000000000003000080004000400040004D3
:10D510000004000400040004000400040002800170
:10D5200000020004000400040004000400040004DD
:10D5300000040004000400040008003000000001A2
:10D5400000010001000100010001000100010001D3
:10D5500000010001000100010001000100010001C3
:10D5600000010001000100010001000100010001B3
:10D5700000010001000100010001000100010000A4
:10D58000000000000C0010002000200020002000FF
:10D59000200020002000200020002000400080010A
:10D5A000400020002000200020002000200020005B
:10D5B000200020002000200010000C0000000000CF
:10D5C0003800C400864002610022001C00000000F8
:10D5D000000000000000000000000000000000004B
:10D5E000000000000000000000000000000000003B
:10D5F0000000000000000000000000000000BCD39C
:10D60000080008000800083E7F22482248224822DD
:10D6100048224822482248224422443E52222100E5
:10D62000C8C8080208020802BF1F081208123813EF
:10D630000C120B5508558A6044400000121122223A
:10D640002122BFAA0000FE3F1004100410041004A1
:10D650001004FF7F100410041004100408040804D0
:10D6600004040204B9D80808100810040000FC1FC4
:10D67000800080008000FF7F800040014001200288
:10D6800010040C180360D1F50400FC3F0200F90FF0
:10D690000000FE0F88085008FE0B2008FC092048F7
:10D6A000FF57205020602040CEB90000C01F5E12FE
:10D6B0005212D21F52125212D21F1200F27F5E0279
:10D6C000522240144009C0104060CAB3800040019B
:10D6D000200250048C18FB6F0808F80F0808F80F98
:10D6E000081088090806480828101820CBAE8000CA
:10D6F0008000800080108010BE09A005900290027A
:10D7000088048808841082608100A0004000CEC296
:10D710000000C41F48104810C11F42104210C81F0B
:10D720000800E43F2725242524252425F47F000034
:10D73000D6CA003EFC0304020402FC7F0402040279
:10D74000E43F2420242224222422242D821062203B
:10D750001940B9E28000841088109008900480007D
:10D76000FF7F2002200220022002104210420842C5
:10D77000047C0300D5D50000BE3F222222222222B3
:10D780002229BE10223F2221222122213E3F0000D9
:10D79000121122222122C7BF00009F3F902090201B
:10D7A000903F1E040204C27F42445E44D07F1004B6
:10D7B00010241044EA7F0440B6C880000001FC7FBA
:10D7C00044044404FC3F44044404C4070400F40F2C
:10D7D000240842048203610C1C70A1E60600892F14
:10D7E00069303620102018001800180018001800A2
:10D7F0001800100030206010800F0000E3D00400FB
:10D80000E83F002102250229FA2F02217225522524
:10D8100072250223622A1A2D822842200230D6B5B0
:10D8200010021002F03F08020802CC1F4C10CA1F61
:10D830004910C81F4810C81F48104810F87F08003A
:10D84000BDE70000F80F88088808F80F88088808E6
:10D85000F80F400130062C1A236220021002100239
:10D860000802C3E60000FF7F400040002000FC1FCC
:10D8700024122412E41324122412E4132412241276
:10D88000FC1F0410D2EC0000FC0F04080408FC0F7D
:10D8900004200420F83F000010041004FF7F10044F
:10D8A000080404040204B3A3800088089004FE7FE7
:10D8B0000240F92F0808F80F8000FC1F8410841024
:10D8C0008414840880008000C9E80000840F880860
:10D8D0008808800840702F00C81F88108808080931
:10D8E000280518020805C0183060D6C3FE3F222262
:10D8F000FE3F8000FE3F8000F80F0808F80F080880
:10D90000F80F0808F80F0808FF7F0000B5C60800E8
:10D910000800C87F08042A041A040A040904080439
:10D920000804080414042404220402050102C3F7B5
:10D930000000003F3E2122212221223F3E212221C0
:10D940002221223F3E2122218020802040282010B9
:10D95000D6F7400080000000FE3F8000800080007D
:10D960008000FC1F80008000800080008000FF7F1E
:10D970000000D6D0000000000000001800000800E1
:10D98000000800000800080818F8FF1F18081818F9
:10D990000818180818180818180818180818F8FF90
:10D9A0001F08080800080000080000080000080020
:10D9B000001800001800001800000000BEB00000B1
:10D9C00000000000400006C0FF07400006C0FF073F
:10D9D000400006C0FF07400802003000FEFF3F0085
:10D9E0000000C0FF07C00002C00002C00002C0FF6C
:10D9F0000380100080110160100E3010180C1E30D2
:10DA0000001C00000000D4B000000000000008006E
:10DA100030F8FF1F08001008C010083F1008001061
:10DA2000080010080013C8FF100822100822100870
:10DA3000221008221008211208211488601648C0FC
:10DA400013280010080010F8FF1F08001000000045
:10DA5000B5E7000000000000001800000800000802
:10DA600000000800F0FF0F1008041008041008045C
:10DA7000100804F0FF071008041008041008041030
:10DA80000804F0FF07100800000810000810000844
:10DA90002000183000F01F000000D7D30000000065
:10DAA0000000000004F0FF0F00000600000100C0AD
:10DAB00000002800001800001800001830FEFF7F4A
:10DAC00000180000180000180000180000180000DE
:10DAD0001800001800001800001800001F00000CBB
:10DAE00000000000D6D00000000000000000008010
:10DAF0000000008001000080010000800100008023
:10DB00000100008001001080010CF0FFFF0F308049
:10DB10000104308001043080010430800104308031
:10DB20000104308001043080010430800104F0FFE2
:10DB3000FF07308001043080010400800100008074
:10DB400001000080010000800100008001000080D1
:10DB500001000080010000800100008001000080C1
:10DB6000000000000000BEB0000000000000000047
:10DB7000000000000001800100FFFF0100038001A0
:10DB80000003800100FFFF0100038001000380010A
:10DB900000FFFF0100818100000003000000031C62
:10DBA000FCFFFF3F000040000003C00100FFFF0139
:10DBB0000003C0000003C0000003C00000FFFF001E
:10DBC0000001410000040100000E71000007810106
:10DBD000800101076000010E1898011C04E0011883
:10DBE00000C0000000000000D4B0000000000000F1
:10DBF000000000000008F0FFFF1F3000000C3000A4
:10DC0000000C3000100C30FE3F0C3004000C3000D3
:10DC1000000C3000000C3000000C3000C00CF0FF95
:10DC2000FF0D3030060E3030060C3010060C301070
:10DC3000060C3010060C3018860C3018860C300894
:10DC4000060D300C860D3006EE0F3002FC0D300153
:10DC5000000CF000000C3000000CF0FFFF0F300053
:10DC6000000C1000000400000000B5E700000000F8
:10DC70000000000000C0000000C0010000C0000063
:10DC800000C0000000C0000000C00000E0FFFF0373
:10DC900060C0000360C0000360C0000360C00003F8
:10DCA00060C0000360C00003E0FFFF0360C000032A
:10DCB00060C0000360C0000360C0000360C00003D8
:10DCC000E0FFFF0360C0000160C0000000C000086A
:10DCD00000C0001000C0001000C0001800C00138D3
:10DCE0000080FF1F0000000000000000D7D30000EC
:10DCF0000000000000000000000000000003C0FF62
:10DD0000FF07000080070000C00000006000000066
:10DD1000180000000C000080030000800300008059
:10DD20000100008001080080011CFCFFFF3F008013
:10DD300001000080010000800100008001000080DF
:10DD400001000080010000800100008001000080CF
:10DD5000010000800100008001000080010000FC43
:10DD6000010000E000000040000000000000800012
:10DD700000000000000000000000000000000000A3
:10DD80000000000000000000000000000000000093
:10DD90000000000000000000000000000000000083
:10DDA00000000000000000000000000000008000F3
:10DDB0000000000000000000000000000000000063
:10DDC0000000000000000000000000000000000053
:10DDD0000000000000000000000000000000000043
:10DDE000000000000000000000000000000004002F
:10DDF0000008000000000000000200010000100008
:10DE00000000000000000000303132333435363776
:10DE1000383941424344454640305800303132336E
:10DE2000343536373839616263646566403078006E
:10DE300002400000000000A00000000005400000BB
:10DE4000000000C8000000000C4000000000409CE2
:10DE500000000000194000000020BCBE00000000CF
:10DE600034400000BFC91B8E00000004B540000014
:10DE7000504BCFD06607E2CF010000006C4100009C
:10DE80003E8251AADFEEA73401000000D942000013
:10DE9000DCB5A0E23A301F97FFFFFFFFB44500005A
:10DEA000FD25A0C8E9A3C14FFFFFFFFFFF3F000012
:10DEB0000000008000000000FF3F00000000008024
:10DEC0000000000041542B43495053544152543DEB
:10DED00022544350222C2252484542305245414E52
:10DEE000322E696F74636C6F75642E74656E636532
:10DEF0006E74646576696365732E636F6D222C3171
:10DF00003838330D0A000000414243444546474833
:10DF1000494A4B4C4D4E4F505152535455565758F9
:10DF2000595A6162636465666768696A6B6C6D6E95
:10DF30006F707172737475767778797A30313233A5
:10DF40003435363738392B2F0000000098E00008B0
:10DF500000000020680000006C01000800E10008DB
:10DF600068000020601A0000880100081C00000002
:10DF700043000000F8FFFFFF0C0000000E0000004F
:10DF80000F0000002E000000100100004300000000
:10DF9000F8FFFFFF004040404040404040404141CA
:10DFA000414141404040404040404040404040406E
:10DFB0004040404040050202020202020202020208
:10DFC0000202020202202020202020202020200205
:10DFD0000202020202029090909090901010101095
:10DFE0001010101010101010101010101010101031
:10DFF00002020202020288888888888808080808C5
:10E000000808080808080808080808080808080890
:10E0100002020202400000000000000000000000B8
:10E0200000000000000000000000000000000000F0
:10E0300000000000000000000000000000000000E0
:10E0400000000000000000000000000000000000D0
:10E0500000000000000000000000000000000000C0
:10E0600000000000000000000000000000000000B0
:10E0700000000000000000000000000000000000A0
:10E080000000000000000000000000000000000090
:10E09000000000000000000000A24A040000000090
:10E0A0000000000001020304060708090000000048
:10E0B000010203040102030406070809020406081A
:10E0C0000000000000000000000000000000000050
:10E0D0000000000000000000000000000000000040
:10E0E0000000000000000000000000000000141EFE
:10E0F0001E000000000000000000000008DF000813
:0400000508000131BD
:00000001FF
